2023-05-31 07:26:52,b'#kotakbank looking at 1957\nWith sl 1947\n#Nifty50 #banknifty #StocksToBuy'
2023-05-31 07:08:46,b'RT @Sanju_Lakshya: MSCI rebalancing  today in last 1 hour .\n#Kotakbank to see 800mn Approx of inflows as a major impact  .'
2023-05-31 07:06:55,b'RT @Sanju_Lakshya: MSCI rebalancing  today in last 1 hour .\n#Kotakbank to see 800mn Approx of inflows as a major impact  .'
2023-05-31 07:06:35,b'RT @Sanju_Lakshya: MSCI rebalancing  today in last 1 hour .\n#Kotakbank to see 800mn Approx of inflows as a major impact  .'
2023-05-31 07:06:30,b'KotakBank and AxisBank trades worked well.'
2023-05-31 07:04:00,b'MSCI rebalancing  today in last 1 hour .\n#Kotakbank to see 800mn Approx of inflows as a major impact  .'
2023-05-31 06:51:44,"b'RT @tradewithmanu: \xf0\x9f\x94\x8d Keep an eye on Kotak Bank! Testing resistance for the 6th time at 1980, followed by a strong pullback from 1900 levels\xe2\x80\xa6'"
2023-05-31 06:40:53,"b'#KotakBank   \xf0\x9f\x87\xae\xf0\x9f\x87\xb3 on the #NSE, #Block of 50683 shares at Rs. 1972 worth 9.99 crore rupees at  11:44 AM  #blockdeal\xe2\x80\xa6 https://t.co/Waa3X2QtIX'"
2023-05-31 06:28:44,"b'#KotakMahindraBank $KOTAKBANK chart suggests #Fibonacci based #Resistance Levels are 1986.4,2042.55,2195.41\nand\xe2\x80\xa6 https://t.co/eA5sXcfFOL'"
2023-05-31 06:28:43,b'#KotakMahindraBank $KOTAKBANK DailyChart-SMAandFibonacciSupport-Resistance\nStock trading above 200 #SMA\n20SMA at 19\xe2\x80\xa6 https://t.co/feY9qybr01'
2023-05-31 06:22:34,b'Tchinical Analisys Update #31May2023 09:37\nStock : #KOTAKBANK\n1 Day RSI :66.97\n1 Day RSI Comment :Strong with Posit\xe2\x80\xa6 https://t.co/xciQYVJ5gN'
2023-05-31 05:48:11,"b'#KotakBank   \xf0\x9f\x87\xae\xf0\x9f\x87\xb3 on the #NSE, #Block of 224470 shares at Rs. 1969.95 worth 44.22 crore rupees at  11:13 AM  #blockdeal #intraday #bigblock'"
2023-05-31 05:36:17,"b'#KotakBank   \xf0\x9f\x87\xae\xf0\x9f\x87\xb3 on the #NSE, #Block of 122436 shares at Rs. 1969.3 worth 24.11 crore rupees at  11:00 AM\xe2\x80\xa6 https://t.co/MUtNusbCZa'"
2023-05-31 05:21:17,"b'RT @shreestock01: Sir @nishkumar1977, does the negative RSI divergence formed on the hourly chart of Kotak bank stand sorted or still pendi\xe2\x80\xa6'"
2023-05-31 04:59:52,"b'#OptionChain - #KOTAKBANK\n#Stock #Bearish\n#PCR :0.71\nMax #CE buildup at 2000,windup at 2060 #PE buildup at 1900 win\xe2\x80\xa6 https://t.co/VOccF8sAnm'"
2023-05-31 04:42:21,"b'#KOTAKBANK Hourly S, LTP 1971.8 \nSupport:1953.7, 1940.0, 1926.6. Resistance:1974.0\nTelegram:\xe2\x80\xa6 https://t.co/E92Q06Hlxf'"
2023-05-31 04:32:43,"b'#KotakBank   \xf0\x9f\x87\xae\xf0\x9f\x87\xb3 on the #NSE, #Block of 110247 shares at Rs. 1970.95 worth 21.73 crore rupees at  9:51 AM\xe2\x80\xa6 https://t.co/YwY1EL2hay'"
2023-05-31 04:32:33,"b""RT @forever_learn11: Let's examine the Axis Bank holding in Indian stock market.\n\nGet INDIA'S fastest quarterly results on 5200 listed comp\xe2\x80\xa6"""
2023-05-31 04:07:49,"b'#KotakBank   \xf0\x9f\x87\xae\xf0\x9f\x87\xb3 on the #NSE, #Block of 31522 shares at Rs. 1966.8 worth 6.2 crore rupees at  9:28 AM  #blockdeal\xe2\x80\xa6 https://t.co/rmn5wcK4nF'"
2023-05-31 04:00:53,b'#KOTAKBANK soon this gap will be filled!\n\n#banknifty #StockMarketindia https://t.co/1x6b6NHiPS'
2023-05-31 03:50:48,b'Daily Update #31May2023 09:20\nStock : #KOTAKBANK\nOPEN :1957.85\nHIGH :1979.1\nLOW :1952.35\nCLOSE :1974.7\nPreClose :19\xe2\x80\xa6 https://t.co/wI45bsyBgw'
2023-05-31 03:49:36,b'#KotakMahindraBank $KOTAKBANK Monthwise Daily High - Low Movement Box Plot\nAvg day swing for last month is 31.53\nAv\xe2\x80\xa6 https://t.co/ryMzjZAmfN'
2023-05-31 03:42:20,b'kotakbank ready to fall\n\xf0\x9f\x92\xa5 stop loss 1985\n\xf0\x9f\x92\xa5 target 1950\n#intradaytrading #StocksInFocus #stockstowatch https://t.co/m9lbph4jkv'
2023-05-31 01:53:30,b'RT @We_You_Finserv: #stock for tomorrow\n\n1-  #Auropharma \n2- #HAL \n3- #Polycab \n4- #KotakBank\n\nPlease Like and retweet\nKeep on radar\n#tradi\xe2\x80\xa6'
2023-05-31 01:43:24,b'Block Deals to watch\n#HDFCLIFE @ 563.2-585.15\n#SONACOMS @ 500\n\nStocks in Focus\n#MSCI Rebalancing\n\xe2\x9c\x85\n#HAL\n#Maxhealth\xe2\x80\xa6 https://t.co/eaY3gCBSuu'
2023-05-31 00:29:47,b'RT @rajminpanchal: 5 Stocks W/ VOLUME BASE BUYING (Weekly)- RETWEET/FOLLOW\n\n#RELIANCE #ONGC #ZOMATO #BHEL #RBLBANK\n\n#stocks #StockMarket #S\xe2\x80\xa6'
2023-05-31 00:28:47,b'RT @rajminpanchal: 5 STOCKS W/ VOLUME BASE BUYING (Daily)- RETWEET/FOLLOW\n\n#INFY #ZOMATO #RBLBANK #SUZLON #PFC\n\n#stocks #StockMarket #Stock\xe2\x80\xa6'
2023-05-31 00:27:46,b'RT @rajminpanchal: 5 FREE PREMIUM STOCK RECOMMENDATIONS (Monthly) - RETWEET/FOLLOW\n\n#TPLPLASTEH #INDSWFTLAB #ELGIRUBCO #NKIND #ONEPOINT\n\n#s\xe2\x80\xa6'
2023-05-30 23:59:41,b'RT @rajminpanchal: 5 FREE PREMIUM STOCK RECOMMENDATIONS (Weekly) - RETWEET/FOLLOW\n\n#SUZLON #PFOCUS #SAKHTISUG #PTC #KSL\n\n#stocks #StockMark\xe2\x80\xa6'
2023-05-30 23:33:30,"b""RT @forever_learn11: Let's examine the Axis Bank holding in Indian stock market.\n\nGet INDIA'S fastest quarterly results on 5200 listed comp\xe2\x80\xa6"""
2023-05-30 22:27:39,b'RT @BhadjaNikunj: Top #BULLISH  #StocksInFocus  for 31 MAY 2023\n\n#BHARATWIRE\n#ZENTEC\n#AXISBANK\n#AUROPHARMA\n#KOTAKBANK\n#TRENT\n#JINDALSAW\n#HD\xe2\x80\xa6'
2023-05-30 21:27:01,b'#KotakMahindraBank $KOTAKBANK Last 3 months Daily #StockMovement Line #Chart\nMax downward movement was -1.95%\nMax u\xe2\x80\xa6 https://t.co/Tm6UggMtOt'
2023-05-30 19:04:50,"b'If any manager abuses or talks indecent language with his employee, then he will be heard. Do #KotakBank managers h\xe2\x80\xa6 https://t.co/t2njBuQMpo'"
2023-05-30 18:27:04,b'#stock for tomorrow\n\n1-  #Auropharma \n2- #HAL \n3- #Polycab \n4- #KotakBank\n\nPlease Like and retweet\nKeep on radar\xe2\x80\xa6 https://t.co/Bz83lHHBPI'
2023-05-30 17:45:07,b'11. #INFOSYS - 1383 TO 1323\n(Loss - 4.34%) \xe2\x9c\x85\n\n12. #KOTAKBANK  - 1721 TO 1975\n(Gain +14.76%) \xe2\x9c\x85\n\n13. #M&amp;M - 1144 TO 1\xe2\x80\xa6 https://t.co/52oyDLWLg7'
2023-05-30 17:44:32,b'#KotakBANK #kotakbank \n\nChart study of kotak bank\n\nATH POSSIBLE !!! Tommorow https://t.co/2N1Jhn9RCS'
2023-05-30 17:40:51,b'Tommorow #kotakbank ATH POSSIBLE!!!! \n\n#stocks #gann'
2023-05-30 17:40:03,b'RT @MagicNifty: PORTFOLIO \xf0\x9f\x92\xbc\xf0\x9f\x92\xbc\xf0\x9f\x92\xbc\xf0\x9f\x92\xbc\xf0\x9f\x92\xbc\n\n#ITC 450.5 PUT ON HOLD\n\n#ULTRACEMCO PUT HOLD\n\n#KOTAKBANK CE ON HOLD\n\n#IRCTC CE ON HOLD\n\nAND #banknifty 22J\xe2\x80\xa6'
2023-05-30 17:39:13,b'PORTFOLIO \xf0\x9f\x92\xbc\xf0\x9f\x92\xbc\xf0\x9f\x92\xbc\xf0\x9f\x92\xbc\xf0\x9f\x92\xbc\n\n#ITC 450.5 PUT ON HOLD\n\n#ULTRACEMCO PUT HOLD\n\n#KOTAKBANK CE ON HOLD\n\n#IRCTC CE ON HOLD\n\nAND\xe2\x80\xa6 https://t.co/1wZAughaPe'
2023-05-30 17:31:03,b'RT @uttamsahu27: #Kotakbank - looks hot on the charts\n\n#BREAKOUTSTOCKS #Nifty50 #BANKNIFTYFUTURE \n\n@nakulvibhor\n@kuttrapali26 @caniravkaria\xe2\x80\xa6'
2023-05-30 17:29:11,b'RT @uttamsahu27: #Kotakbank - looks hot on the charts\n\n#BREAKOUTSTOCKS #Nifty50 #BANKNIFTYFUTURE \n\n@nakulvibhor\n@kuttrapali26 @caniravkaria\xe2\x80\xa6'
2023-05-30 16:22:42,"b'Average day! FN open flat, shot up next candles due to KotakBank, premiums was low but entry was perfect, was in go\xe2\x80\xa6 https://t.co/aCzPsfQY1R'"
2023-05-30 16:05:38,"b'#kotakbank \n\nthis time is crucial \nmake or break levels \nkeep an eye\n\n\xf0\x9f\x92\x99\xf0\x9f\x94\x81, if agreed.\ncomment/suggestions welcome.\xe2\x80\xa6 https://t.co/lHv3Kl0xmL'"
2023-05-30 15:44:57,b'#breakout yet to happen #kotakbank @KotakBankLtd \n\n#stockmarkets #stocks #trading #investing https://t.co/V5aURlVITi'
2023-05-30 15:09:10,b'RT @rajminpanchal: 5 FREE PREMIUM STOCK RECOMMENDATIONS (Daily) - RETWEET/FOLLOW\n\n#INSPIRISYS #UJJIVANSFB #RICOAUTO #PULZ #VICEROY\n\n#stocks\xe2\x80\xa6'
2023-05-30 14:57:30,b'RT @rajminpanchal: Swing Trading Opportunity (D)\n\n#THERMAX #MDL #SINTERCOM #MANUGRAPH #RVHL #NKIND #ASIANENE #NHPC #JSWISPL #ALBERTDAVD\n\n#s\xe2\x80\xa6'
2023-05-30 14:57:27,b'RT @rajminpanchal: Swing Trading Opportunity (W)\n\n#ASTRAZEN #BANARISUG #SCHAEFFLER #KICL #GOCLCORP #MCX #WSTCSTPAPR #HMT #JSWSTEEL #TATAMET\xe2\x80\xa6'
2023-05-30 14:57:22,b'RT @rajminpanchal: Swing Trading Opportunity(M)\n\n#ADANIENT #CENTURYTEX #KHANDSE #EVEREDY #BEPL #CONSOFINVT #HEROMOTOCO #SAKUMA #MALUPAPER #\xe2\x80\xa6'
2023-05-30 14:57:19,b'RT @rajminpanchal: 5 FREE PREMIUM STOCK RECOMMENDATIONS (Daily) - RETWEET/FOLLOW\n\n#INSPIRISYS #UJJIVANSFB #RICOAUTO #PULZ #VICEROY\n\n#stocks\xe2\x80\xa6'
2023-05-30 14:57:16,b'RT @rajminpanchal: 5 FREE PREMIUM STOCK RECOMMENDATIONS (Weekly) - RETWEET/FOLLOW\n\n#SUZLON #PFOCUS #SAKHTISUG #PTC #KSL\n\n#stocks #StockMark\xe2\x80\xa6'
2023-05-30 14:57:14,b'RT @rajminpanchal: 5 FREE PREMIUM STOCK RECOMMENDATIONS (Monthly) - RETWEET/FOLLOW\n\n#TPLPLASTEH #INDSWFTLAB #ELGIRUBCO #NKIND #ONEPOINT\n\n#s\xe2\x80\xa6'
2023-05-30 14:57:07,b'RT @rajminpanchal: 5 STOCKS W/ VOLUME BASE BUYING (Daily)- RETWEET/FOLLOW\n\n#INFY #ZOMATO #RBLBANK #SUZLON #PFC\n\n#stocks #StockMarket #Stock\xe2\x80\xa6'
2023-05-30 14:57:03,b'RT @rajminpanchal: 5 Stocks W/ VOLUME BASE BUYING (Weekly)- RETWEET/FOLLOW\n\n#RELIANCE #ONGC #ZOMATO #BHEL #RBLBANK\n\n#stocks #StockMarket #S\xe2\x80\xa6'
2023-05-30 14:57:01,b'RT @rajminpanchal: 5 Stocks W/ VOLUME BASE BUYING (MONTHLY) - RETWEET/FOLLOW\n\n#IRFC #ENGINERSIN #PNB #BSOFT #SUZLON\n\n#stocks #StockMarket #\xe2\x80\xa6'
2023-05-30 14:55:23,b'#KotakMahindraBank $KOTAKBANK Last 12 months Daily #StockMovement Line #Chart\nMax downward movement was -3.94%\nMax\xe2\x80\xa6 https://t.co/eCc2HbrX7F'
2023-05-30 13:49:40,"b'#Sensex, #Nifty end higher for the fourth straight day amid advances in #KotakBank, #Infosys, and #AxisBank.\xe2\x80\xa6 https://t.co/88gaKJdOo4'"
2023-05-30 13:34:31,b'Top #BULLISH  #StocksInFocus  for 31 MAY 2023\n\n#BHARATWIRE\n#ZENTEC\n#AXISBANK\n#AUROPHARMA\n#KOTAKBANK\n#TRENT\xe2\x80\xa6 https://t.co/dkuQdomIFm'
2023-05-30 13:25:44,"b'#Kotakbank, #AxisBank looks good for long at current level, support from #ICICIBank and #HDFCBank may take the BN higher.'"
2023-05-30 12:30:48,b'#kotakbank\ntesting 1970-80 zone for last 1.5 years. Tomorrow if it trades above 1980 it should give fast momentum t\xe2\x80\xa6 https://t.co/Uen4A9373m'
2023-05-30 12:30:00,"b""Let's examine the Axis Bank holding in Indian stock market.\n\nGet INDIA'S fastest quarterly results on 5200 listed c\xe2\x80\xa6 https://t.co/l2tA1130pc"""
2023-05-30 12:26:50,b'#Kotakbank cmp 1975 almost after o e year of Consolidation. This bank is ready for good upside. Possible target 220\xe2\x80\xa6 https://t.co/CwAnVQMejK'
2023-05-30 12:19:09,b'RT @rajminpanchal: 5 Stocks W/ VOLUME BASE BUYING (MONTHLY) - RETWEET/FOLLOW\n\n#IRFC #ENGINERSIN #PNB #BSOFT #SUZLON\n\n#stocks #StockMarket #\xe2\x80\xa6'
2023-05-30 12:07:47,b'5 Stocks W/ VOLUME BASE BUYING (MONTHLY) - RETWEET/FOLLOW\n\n#IRFC #ENGINERSIN #PNB #BSOFT #SUZLON\n\n#stocks\xe2\x80\xa6 https://t.co/WYQgZI05QR'
2023-05-30 12:07:15,b'5 Stocks W/ VOLUME BASE BUYING (Weekly)- RETWEET/FOLLOW\n\n#RELIANCE #ONGC #ZOMATO #BHEL #RBLBANK\n\n#stocks\xe2\x80\xa6 https://t.co/zWHsWN4niq'
2023-05-30 12:06:38,b'5 STOCKS W/ VOLUME BASE BUYING (Daily)- RETWEET/FOLLOW\n\n#INFY #ZOMATO #RBLBANK #SUZLON #PFC\n\n#stocks #StockMarket\xe2\x80\xa6 https://t.co/uKskZSIk65'
2023-05-30 12:05:54,b'5 FREE PREMIUM STOCK RECOMMENDATIONS (Monthly) - RETWEET/FOLLOW\n\n#TPLPLASTEH #INDSWFTLAB #ELGIRUBCO #NKIND\xe2\x80\xa6 https://t.co/5HY2r0jzpJ'
2023-05-30 12:05:04,b'5 FREE PREMIUM STOCK RECOMMENDATIONS (Weekly) - RETWEET/FOLLOW\n\n#SUZLON #PFOCUS #SAKHTISUG #PTC #KSL\n\n#stocks\xe2\x80\xa6 https://t.co/zLYpWWKONi'
2023-05-30 12:04:31,b'5 FREE PREMIUM STOCK RECOMMENDATIONS (Daily) - RETWEET/FOLLOW\n\n#INSPIRISYS #UJJIVANSFB #RICOAUTO #PULZ #VICEROY\xe2\x80\xa6 https://t.co/fWG4dvW3qx'
2023-05-30 12:03:36,b'Swing Trading Opportunity(M)\n\n#ADANIENT #CENTURYTEX #KHANDSE #EVEREDY #BEPL #CONSOFINVT #HEROMOTOCO #SAKUMA\xe2\x80\xa6 https://t.co/SWxh4w39pY'
2023-05-30 12:02:25,b'Swing Trading Opportunity (W)\n\n#ASTRAZEN #BANARISUG #SCHAEFFLER #KICL #GOCLCORP #MCX #WSTCSTPAPR #HMT #JSWSTEEL\xe2\x80\xa6 https://t.co/GD36xixTAN'
2023-05-30 12:01:20,b'Swing Trading Opportunity (D)\n\n#THERMAX #MDL #SINTERCOM #MANUGRAPH #RVHL #NKIND #ASIANENE #NHPC #JSWISPL\xe2\x80\xa6 https://t.co/0xfwNXrddY'
2023-05-30 11:55:44,b'#kotakbank hitting the same resistance of 1980 again and again. It will give a fast momentum once it starts trading\xe2\x80\xa6 https://t.co/HhGKQx45mF'
2023-05-30 11:44:47,b'#KotakMahindraBank $KOTAKBANK Last 6 months Daily #StockMovement Histogram #Chart\nMax downward movement was -2.1%\nM\xe2\x80\xa6 https://t.co/uuxx0cD2UP'
2023-05-30 11:42:24,b'#TopGainers &amp; #TopLosers: 30th May 2023 #BSE200           \n\nJoin our Telegram channel here https://t.co/wHA44QPdPs\xe2\x80\xa6 https://t.co/1W9bHaObfv'
2023-05-30 11:12:20,b'Top Gainers \xf0\x9f\x93\xb7and Losers\xf0\x9f\x93\xb7 for 30-May-23 \n\n #stayinvested100 #stockstowatch #stockstobuy #GEPLCapital #investment\xe2\x80\xa6 https://t.co/riEQP05eYk'
2023-05-30 11:00:58,"b""\xe2\x9a\xa1\xef\xb8\x8f KOTAKBANK : 1975\n\n- Couldn't break this area in the last 4-5 attempts\n\n- 14% away from its All-Time High \xf0\x9f\x91\x80 https://t.co/KrlHEYrhQI"""
2023-05-30 10:48:37,b'#KotakBank - 1975\n\nAgain giving opportunity for shorts with SL 1975 CB\n\nToday #BankNifty &amp; #FinNifty made 52w high.\xe2\x80\xa6 https://t.co/6weDwfI7OV'
2023-05-30 10:20:20,b'Closing bell #nifty #nifty50 #NiftyBank #niftyoption #kotakbank #adani #AdaniEnterprises https://t.co/wLRMlUzrRX'
2023-05-30 10:04:13,b'Tchinical Analisys Update #30May2023 13:19\nStock : #KOTAKBANK\n30 Min RSI :65.81\n30 Min RSI Comment :Strong with Pos\xe2\x80\xa6 https://t.co/zAAmcpeq0O'
2023-05-30 09:45:42,b'Hdfc bank 1642 hit \xe2\x9c\x85 \n\nRecommend buy near 1631 level\n\n1631\xe2\x80\x94\xe2\x80\x941642\n\n#nifty #trade #market #stock #stocks #banknifty\xe2\x80\xa6 https://t.co/TPJrngSzSi'
2023-05-30 09:41:14,"b'RT @tradewithmanu: \xf0\x9f\x94\x8d Keep an eye on Kotak Bank! Testing resistance for the 6th time at 1980, followed by a strong pullback from 1900 levels\xe2\x80\xa6'"
2023-05-30 09:38:01,"b""Most awaited breakout #kotakbank\nLet's see"""
2023-05-30 09:28:49,"b'\xf0\x9f\x94\x8d Keep an eye on Kotak Bank! Testing resistance for the 6th time at 1980, followed by a strong pullback from 1900 l\xe2\x80\xa6 https://t.co/MNS77UvtWY'"
2023-05-30 09:24:10,b'I tried to apply for #kotakbank credit card but when I fill the application online it gets stuck in between and I c\xe2\x80\xa6 https://t.co/LcdOFJN7uN'
2023-05-30 08:35:08,"b'#OptionChain - #KOTAKBANK\n#Stock #Bearish\n#PCR :0.7\nMax #CE buildup at 1900,windup at 1960 #PE buildup at 1960 wind\xe2\x80\xa6 https://t.co/7zRnDRLLEM'"
2023-05-30 08:33:23,b'#MSCI #Index Changes  (30 May 2023 After 03:00pm)\n\nOUT \n#ATGL \n#ADANITRANS \n#INDUSTOWER \n\nIN\n#HAL\n#MAXHEALTH\xe2\x80\xa6 https://t.co/ukKOB0Ltlc'
2023-05-30 08:00:05,b'#MSCI Index Changes\n\n(30 May 2023 After 03:00pm)\n\nIN \xe2\x9c\x85\n\n#HAL\n#MAXHEALTH\n#SONACOMS\n\nOUT \xf0\x9f\x9a\xab\n\n#ATGL\n#ADANITRANS\xe2\x80\xa6 https://t.co/qc4h5rhsPs'
2023-05-30 07:38:35,b'#KotakBank is Getting Ready for Blast'
2023-05-30 07:10:16,b'Nifty50 Constituents: Which stocks are driving the #Nifty up and by how many points.\n[Automated 30-May 12:40\xe2\x80\xafPM]\n\n1\xe2\x80\xa6 https://t.co/Dp8wDLd4Kg'
2023-05-30 06:54:06,"b'@nsamraj9 @MissMini18 @jaganmsna @unraveaero @Raminations @shyamsek ,#idbibank #IDBI #Bank bids likely by September\xe2\x80\xa6 https://t.co/oxnzXKnyJ2'"
2023-05-30 06:16:04,b'Tchinical Analisys Update #30May2023 09:31\nStock : #KOTAKBANK\n1 Day RSI :59.3\n1 Day RSI Comment :Strong with Positi\xe2\x80\xa6 https://t.co/4BqxS3MR5x'
2023-05-30 06:06:27,"b'Sir @nishkumar1977, does the negative RSI divergence formed on the hourly chart of Kotak bank stand sorted or still\xe2\x80\xa6 https://t.co/wqYTfAOH7W'"
2023-05-30 05:39:13,"b'RT @Velvet_Mamba: Unlike BNF, even in the retracement the RSI in nifty never turned bearish. Entry at candle close SL at BLR. 25 points don\xe2\x80\xa6'"
2023-05-30 05:13:43,"b'#KIMS   \xf0\x9f\x87\xae\xf0\x9f\x87\xb3 on the #NSE, #Block of 391366 shares at Rs. 1600 worth 62.62 crore rupees at  10:33 AM  #blockdeal\xe2\x80\xa6 https://t.co/F2cXsh4nH8'"
2023-05-30 04:32:09,"b'#KotakBank   \xf0\x9f\x87\xae\xf0\x9f\x87\xb3 on the #NSE, #Block of 133395 shares at Rs. 1971.9 worth 26.3 crore rupees at  9:57 AM  #blockdeal #intraday #bigblock'"
2023-05-30 04:27:06,b'#KotakMahindraBank $KOTAKBANK Daily Chart\n#SuperTrend suggests #Bullish trend\n#Support level at 1916.92\xe2\x80\xa6 https://t.co/ubOUzTSBxw'
2023-05-30 04:22:43,b'#Kotakbank - looks hot on the charts\n\n#BREAKOUTSTOCKS #Nifty50 #BANKNIFTYFUTURE \n\n@nakulvibhor\n@kuttrapali26\xe2\x80\xa6 https://t.co/iAQSBtghnS'
2023-05-30 04:21:42,b'RT @Thekalal: #KOTAKBANK: 1990 breakout \n\nsupport 1900 as of now \n#bullish #stockmarket #stockstowatch #trading #investing #nse https://t.c\xe2\x80\xa6'
2023-05-30 04:21:32,b'#Kotakbank cmp 1974\n\nReady to fly \nkeep eyes \n\n#Equity #nifty #Banknifty\n#GAME_OF_TRENDLINES https://t.co/C5Rxaemeti https://t.co/qCM7HTn8s3'
2023-05-30 04:18:57,b'#KotakMahindraBank $KOTAKBANK Daily #Stock Chart with 100 days #Fibonacci Retracement Levels\nFibonacci #Support Lev\xe2\x80\xa6 https://t.co/UHNNvg9H7l'
2023-05-30 04:02:37,"b'Unlike BNF, even in the retracement the RSI in nifty never turned bearish. Entry at candle close SL at BLR. 25 poin\xe2\x80\xa6 https://t.co/qCxRFKykPg'"
2023-05-30 03:50:59,b'[Automated]\n#NSE #Nifty #Nifty50 #Shares as on 09:20\n\nGainers: 28 | Loosers: 22\n\nTop 3\n\nHCLTECH 1.24% \nKOTAKBANK 0.\xe2\x80\xa6 https://t.co/ESRVzRPDTz'
2023-05-30 03:45:04,b'Daily Update #30May2023 09:15\nStock : #KOTAKBANK\nOPEN :1963.1\nHIGH :1973.3\nLOW :1948.25\nCLOSE :1953.2\nPreClose :194\xe2\x80\xa6 https://t.co/LBV0CfRSNr'
2023-05-30 03:44:55,b'Daily Update #30May2023 09:14\nStock : #KOTAKBANK\nOPEN :1963.1\nHIGH :1973.3\nLOW :1948.25\nCLOSE :1953.2\nPreClose :194\xe2\x80\xa6 https://t.co/bJrUtznHnn'
2023-05-29 23:26:19,"b'#OptionChain - #KOTAKBANK\n#Stock #Bearish\n#PCR :0.75\nMax #CE buildup at 1960,windup at 1920 #PE buildup at 1960 win\xe2\x80\xa6 https://t.co/VSFvewCdl9'"
2023-05-29 16:31:57,b'RT @NeelGarg12: Kotak Bank - Perfect Bounce from 1950 support area\n\nKotak Bank Jun 1960 CE at 42.90 now \n\xe2\x82\xb91850+ profit running per lot\n\nTRG\xe2\x80\xa6'
2023-05-29 16:11:32,b'RT @NeelGarg12: Kotak Bank - Perfect Bounce from 1950 support area\n\nKotak Bank Jun 1960 CE at 42.90 now \n\xe2\x82\xb91850+ profit running per lot\n\nTRG\xe2\x80\xa6'
2023-05-29 16:00:06,b'#KotakBank - 1953\n\nHigh made - 1974 https://t.co/jBGb8mf4HT https://t.co/X9PktsMv9P'
2023-05-29 15:45:57,"b'RT @5paisa: A snapshot of the top 5 stocks in each industry segment. \n\nFor more such #TradeBytes, stay tuned with 5paisa.\n\n#Tradebyte #SBI\xe2\x80\xa6'"
2023-05-29 15:23:23,"b'RT @5paisa: A snapshot of the top 5 stocks in each industry segment. \n\nFor more such #TradeBytes, stay tuned with 5paisa.\n\n#Tradebyte #SBI\xe2\x80\xa6'"
2023-05-29 14:33:37,"b'@AlgoBoffin Exited full: tamo (ev exhaust), sbin, lt (adding deals but price sideways), kotakbank, airtel. Added ta\xe2\x80\xa6 https://t.co/XXZkvCjnOQ'"
2023-05-29 12:52:40,"b""@KotakBankLtd very irresponsible employees since  20 days am asking for statement but employee didn't give us and 3\xe2\x80\xa6 https://t.co/QB6RAHu5Ds"""
2023-05-29 12:44:11,"b'#KotakMahindraBank $KOTAKBANK chart suggests #Fibonacci based #Resistance Levels are 1958.76,1960.74,1980.0\nand\xe2\x80\xa6 https://t.co/cR9Msd1yYd'"
2023-05-29 12:44:11,b'#KotakMahindraBank $KOTAKBANK DailyChart-SMAandFibonacciSupport-Resistance\nStock trading above 200 #SMA\n20SMA at 19\xe2\x80\xa6 https://t.co/R0bvrNbGp5'
2023-05-29 11:42:48,"b'With Banknifty BO, This banking stock will play big roll..!\n#KOTAKBANK\n#ICICIBANK\n#INDUSINDBANK\n\n#nifty #banknifty\xe2\x80\xa6 https://t.co/A5C6l8TljY'"
2023-05-29 10:36:21,b'Tchinical Analisys Update #29May2023 13:51\nStock : #KOTAKBANK\n30 Min RSI :60.7\n30 Min RSI Comment :Strong with Nega\xe2\x80\xa6 https://t.co/nKWQVJZwp3'
2023-05-29 10:36:11,b'Closing bell #nifty #nifty50 #NiftyBank #niftyoption #kotakbank #adani #AdaniEnterprises https://t.co/y6MZXmd18j'
2023-05-29 09:47:44,"b'Nifty marching towards life-time high in June. Which stocks should you buy? \n#KOTAKBANK | CMP INR 1,951 | 6.0% abov\xe2\x80\xa6 https://t.co/ojwWwrLuOe'"
2023-05-29 09:20:43,b'#KotakMahindraBank $KOTAKBANK Last 36 months Daily #StockMovement Histogram #Chart\nMax downward movement was -6.07%\xe2\x80\xa6 https://t.co/noL1Kf2NS2'
2023-05-29 08:30:57,b'RT @NeelGarg12: Kotak Bank - Perfect Bounce from 1950 support area\n\nKotak Bank Jun 1960 CE at 42.90 now \n\xe2\x82\xb91850+ profit running per lot\n\nTRG\xe2\x80\xa6'
2023-05-29 08:19:07,b'RT @NeelGarg12: Kotak Bank - Perfect Bounce from 1950 support area\n\nKotak Bank Jun 1960 CE at 42.90 now \n\xe2\x82\xb91850+ profit running per lot\n\nTRG\xe2\x80\xa6'
2023-05-29 08:06:04,b'Kotak Bank - Perfect Bounce from 1950 support area\n\nKotak Bank Jun 1960 CE at 42.90 now \n\xe2\x82\xb91850+ profit running per\xe2\x80\xa6 https://t.co/NuFXwEe8mj'
2023-05-29 07:49:00,b'Alert Buy #KOTAKBANK CMP: 1959.85 #NimblrTA \n\nAlerts are delayed and for educational purpose only.\nFor live alerts\xe2\x80\xa6 https://t.co/Quwfy0kGge'
2023-05-29 07:14:05,b'RT @jp_bharati: https://t.co/FyimzSGTNw  \nKotakbank ready to breakout'
2023-05-29 06:46:03,b'Tchinical Analisys Update #29May2023 10:00\nStock : #KOTAKBANK\n1 Day RSI :55.94\n1 Day RSI Comment :Strong with Posit\xe2\x80\xa6 https://t.co/w9KrEhPHYj'
2023-05-29 06:39:04,b'\xf0\x9f\x9f\xa9Intraday stock ::\n\nBuy kotak bank above 1956\nSL 1946\ntarget 1966 1974+\n\n#kotakbank #banknifty'
2023-05-29 05:36:07,b'RT @CapitalTrends: #KOTAKBANK   forms #ThreeWeekTight pattern. #BULLISH   https://t.co/rPZnoSr0RT https://t.co/o6B3YfpAUe'
2023-05-29 05:33:27,b'RT @CapitalTrends: #KOTAKBANK   forms #ThreeWeekTight pattern. #BULLISH   https://t.co/rPZnoSr0RT https://t.co/o6B3YfpAUe'
2023-05-29 05:33:06,"b'#OptionChain - #KOTAKBANK\n#Stock #Bearish\n#PCR :0.76\nMax #CE buildup at 1980,windup at 1860 #PE buildup at 1960 win\xe2\x80\xa6 https://t.co/HYoWxK5ORP'"
2023-05-29 05:31:05,b'RT @CapitalTrends: #KOTAKBANK   forms #ThreeWeekTight pattern. #BULLISH   https://t.co/rPZnoSr0RT https://t.co/o6B3YfpAUe'
2023-05-29 04:52:58,b'Alert Sell #KOTAKBANK CMP: 1951.8 #NimblrTA \n\nAlerts are delayed and for educational purpose only.\nFor live alerts\xe2\x80\xa6 https://t.co/xQybT4GPwf'
2023-05-29 04:35:42,b'RT @CapitalTrends: #KOTAKBANK   forms #ThreeWeekTight pattern. #BULLISH   https://t.co/rPZnoSr0RT https://t.co/o6B3YfpAUe'
2023-05-29 04:28:38,"b""#kotakbank a hole in the BULL's boat."""
2023-05-29 04:22:19,b'#KotakMahindraBank $KOTAKBANK Monthwise Daily High - Low Movement Box Plot\nAvg day swing for last month is 32.25\nAv\xe2\x80\xa6 https://t.co/NiIRATga0o'
2023-05-29 04:13:39,b'Early Morning Update #29May2023 09:43\nStock : #KOTAKBANK\nOPEN :1949.95\nHIGH :1949.95\nLOW :1923.5\nCLOSE :1945.05\nPre\xe2\x80\xa6 https://t.co/RdaAAyWhnt'
2023-05-29 04:04:38,b'KOTAKBANK 1900 CE BUY ABOVE 87\nTARGET:91/96/103'
2023-05-29 04:01:24,b'3 Days View: Buy KotakBank Fut at 1968-1969 for 2020 SL below 1948'
2023-05-29 03:57:05,b'#KotakMahindraBank $KOTAKBANK Daily #Stock Chart with 50 days #Fibonacci Retracement Levels\nFibonacci #Support Leve\xe2\x80\xa6 https://t.co/hpUnmYLjuE'
2023-05-29 03:14:51,b'#KOTAKBANK   forms #ThreeWeekTight pattern. #BULLISH   https://t.co/rPZnoSr0RT https://t.co/o6B3YfpAUe'
2023-05-29 02:55:53,b'https://t.co/FyimzSGTNw  \nKotakbank ready to breakout'
2023-05-28 16:39:39,"b'#options and stock level for May 29\n#Relianceindustries :CE if the price&gt;2509,PE if the price&lt;2416.05\n#KotakBank:CE\xe2\x80\xa6 https://t.co/IOz7PzuMvm'"
2023-05-28 14:34:48,b'@KOTAKBANK_CARES @KOTAKBANKCares If Customer  Calling  For There Issues Then Why Your Executive  Force Them To Ugra\xe2\x80\xa6 https://t.co/Z6iLxdEjtJ'
2023-05-28 12:40:02,b'RT @frozentrader: #kotakbank weekly chart demand supply zone for bulls &amp; bears can we see breakout this time by bulls keep eye  ... \n#nifty\xe2\x80\xa6'
2023-05-28 12:39:41,b'#kotakbank weekly chart demand supply zone for bulls &amp; bears can we see breakout this time by bulls keep eye  ...\xe2\x80\xa6 https://t.co/uRbqvoHKEh'
2023-05-28 09:37:19,b'@KotakBank__01 Hi!. Do not interact with anyone posing as a bank employee and do not share any personal details lik\xe2\x80\xa6 https://t.co/L1OasRHtXa'
2023-05-28 08:00:34,b'Anybody willing to join with tight SL on kotakBank https://t.co/ULUOuf5tj9'
2023-05-28 07:19:52,b'https://t.co/FyimzSGTNw\n#KOTAKBANK READY TO MOVE'
2023-05-28 05:21:36,b'RT @NiveshakBharat: Some Key Charts which can help Index Traders to plan their FAVORABLE RR Trades coming WEEK\n\n(MAY 29th- JUNE 2nd)\n\n#BANK\xe2\x80\xa6'
2023-05-28 05:03:02,b'RT @Addition_Singh: #Kotakbank cmp 1945 \n\nretesting done  1900 \n5th time near resistance and spending time\n\n2120 we could see fast now\nSupp\xe2\x80\xa6'
2023-05-28 04:20:44,b'RT @NiveshakBharat: Some Key Charts which can help Index Traders to plan their FAVORABLE RR Trades coming WEEK\n\n(MAY 29th- JUNE 2nd)\n\n#BANK\xe2\x80\xa6'
2023-05-28 04:08:43,b'RT @Addition_Singh: #Kotakbank cmp 1945 \n\nretesting done  1900 \n5th time near resistance and spending time\n\n2120 we could see fast now\nSupp\xe2\x80\xa6'
2023-05-28 04:06:08,b'RT @NiveshakBharat: Some Key Charts which can help Index Traders to plan their FAVORABLE RR Trades coming WEEK\n\n(MAY 29th- JUNE 2nd)\n\n#BANK\xe2\x80\xa6'
2023-05-28 03:54:44,b'Some Key Charts which can help Index Traders to plan their FAVORABLE RR Trades coming WEEK\n\n(MAY 29th- JUNE 2nd)\xe2\x80\xa6 https://t.co/iENKurK6r0'
2023-05-28 01:13:56,b'RT @Addition_Singh: #Kotakbank cmp 1945 \n\nretesting done  1900 \n5th time near resistance and spending time\n\n2120 we could see fast now\nSupp\xe2\x80\xa6'
2023-05-27 21:46:01,b'#KotakMahindraBank $KOTAKBANK Daily #Stock Chart with 20 days #Fibonacci Retracement Levels\nFibonacci #Support Leve\xe2\x80\xa6 https://t.co/DqWD6roaC3'
2023-05-27 19:22:27,"b'#OptionChain - #KOTAKBANK\n#Stock #Bearish\n#PCR :0.85\nMax #CE buildup at 2100,windup at 1460 #PE buildup at 1940 win\xe2\x80\xa6 https://t.co/9fDucozHjc'"
2023-05-27 14:22:04,b'RT @Jkmodani: @myaccessbank @access_more we need your immediate attention &amp; reply DM to me in the long pending payment of I-LC issued by yo\xe2\x80\xa6'
2023-05-27 14:05:12,b'@myaccessbank @access_more we need your immediate attention &amp; reply DM to me in the long pending payment of I-LC is\xe2\x80\xa6 https://t.co/9x5SRgMqMu'
2023-05-27 12:48:05,"b'RT @5paisa: A snapshot of the top 5 stocks in each industry segment. \n\nFor more such #TradeBytes, stay tuned with 5paisa.\n\n#Tradebyte #SBI\xe2\x80\xa6'"
2023-05-27 12:31:03,b'RT @Addition_Singh: #Kotakbank cmp 1945 \n\nretesting done  1900 \n5th time near resistance and spending time\n\n2120 we could see fast now\nSupp\xe2\x80\xa6'
2023-05-27 12:27:53,b'RT @Addition_Singh: #Kotakbank cmp 1945 \n\nretesting done  1900 \n5th time near resistance and spending time\n\n2120 we could see fast now\nSupp\xe2\x80\xa6'
2023-05-27 12:26:18,b'#Kotakbank cmp 1945 \n\nretesting done  1900 \n5th time near resistance and spending time\n\n2120 we could see fast now\xe2\x80\xa6 https://t.co/HFWGstiO5Y'
2023-05-27 11:28:27,"b'@KotakBankLtd What a joke, only #KOTAKBANK is charging #Creditcard  limit enhancement fee. It is allowed ? @RBI\xe2\x80\xa6 https://t.co/YWpP8oP0wC'"
2023-05-27 11:19:08,"b'@KotakBankLtd Your link it self is not working, just check . #KOTAKBANK.'"
2023-05-27 11:08:29,b'@KotakBank__01 Hi!. Do not interact with anyone posing as a bank employee and do not share any personal details lik\xe2\x80\xa6 https://t.co/71N9gFaRUD'
2023-05-27 09:53:29,b'@KotakBank__01 No response this no.'
2023-05-27 09:38:06,"b'#KotakMahindraBank $KOTAKBANK chart suggests #Fibonacci based #Resistance Levels are 1944.97,1946.7,1946.96\nand\xe2\x80\xa6 https://t.co/inVzD0PJ9v'"
2023-05-27 09:38:06,b'#KotakMahindraBank $KOTAKBANK 5MinuteChart-SMAandFibonacciSupport-Resistance\nStock trading above 200 #SMA\n20SMA at\xe2\x80\xa6 https://t.co/nigW61Yegw'
2023-05-27 09:07:09,b'#KotakMahindraBank $KOTAKBANK Last 6 months Daily #StockMovement Line #Chart\nMax downward movement was -2.1%\nMax up\xe2\x80\xa6 https://t.co/d9aKXXuKxN'
2023-05-27 07:53:54,b'@KotakBank__01 Hi!. Do not interact with anyone posing as a bank employee and do not share any personal details lik\xe2\x80\xa6 https://t.co/5dhJx8VlQq'
2023-05-27 07:53:49,b'@KotakBank__01 Hi!. Do not interact with anyone posing as a bank employee and do not share any personal details lik\xe2\x80\xa6 https://t.co/hUHDD70fDi'
2023-05-27 07:53:46,b'@KotakBank__01 Hi!. Do not interact with anyone posing as a bank employee and do not share any personal details lik\xe2\x80\xa6 https://t.co/3mEVJOFjHu'
2023-05-27 07:53:42,b'@KotakBank__01 Hi!. Do not interact with anyone posing as a bank employee and do not share any personal details lik\xe2\x80\xa6 https://t.co/EQxqyke2sa'
2023-05-27 07:53:38,b'@KotakBank__01 Hi!. Do not interact with anyone posing as a bank employee and do not share any personal details lik\xe2\x80\xa6 https://t.co/urwAOUxk3l'
2023-05-27 07:53:34,b'@KotakBank__01 Hi!. Do not interact with anyone posing as a bank employee and do not share any personal details lik\xe2\x80\xa6 https://t.co/opz6PIvTjD'
2023-05-27 07:53:30,b'@KotakBank__01 Hi!. Do not interact with anyone posing as a bank employee and do not share any personal details lik\xe2\x80\xa6 https://t.co/BTiFPpaVDm'
2023-05-27 07:53:27,b'@KotakBank__01 Hi!. Do not interact with anyone posing as a bank employee and do not share any personal details lik\xe2\x80\xa6 https://t.co/u9dFbMwFt1'
2023-05-27 07:53:23,b'@KotakBank__01 Hi!. Do not interact with anyone posing as a bank employee and do not share any personal details lik\xe2\x80\xa6 https://t.co/FBuvom6hQb'
2023-05-27 07:53:19,b'@KotakBank__01 Hi!. Do not interact with anyone posing as a bank employee and do not share any personal details lik\xe2\x80\xa6 https://t.co/5Yf9s5Rc7f'
2023-05-27 07:53:12,b'@KotakBank__01 Hi!. Do not interact with anyone posing as a bank employee and do not share any personal details lik\xe2\x80\xa6 https://t.co/6x4cDHcssC'
2023-05-27 07:53:08,b'@KotakBank__01 Hi!. Do not interact with anyone posing as a bank employee and do not share any personal details lik\xe2\x80\xa6 https://t.co/w64C41NxyZ'
2023-05-27 07:53:05,b'@KotakBank__01 Hi!. Do not interact with anyone posing as a bank employee and do not share any personal details lik\xe2\x80\xa6 https://t.co/tywjJHx5ir'
2023-05-27 07:52:55,b'@KotakBank__01 Hi!. Do not interact with anyone posing as a bank employee and do not share any personal details lik\xe2\x80\xa6 https://t.co/u5PGuW7dS6'
2023-05-27 07:52:49,b'@KotakBank__01 Hi!. Do not interact with anyone posing as a bank employee and do not share any personal details lik\xe2\x80\xa6 https://t.co/uT7xIZUoyG'
2023-05-27 07:52:45,b'@KotakBank__01 Hi!. Do not interact with anyone posing as a bank employee and do not share any personal details lik\xe2\x80\xa6 https://t.co/JX4MgvJT6E'
2023-05-27 07:52:40,b'@KotakBank__01 Hi!. Do not interact with anyone posing as a bank employee and do not share any personal details lik\xe2\x80\xa6 https://t.co/lzt0Vs71aS'
2023-05-27 07:52:37,b'@KotakBank__01 Hi!. Do not interact with anyone posing as a bank employee and do not share any personal details lik\xe2\x80\xa6 https://t.co/uwBgOMRg0D'
2023-05-27 07:09:11,b'Stocks near 52 week high\n \xf0\x9f\x8c\x9f #DALBHARAT \xf0\x9f\x8c\x9f\n \xf0\x9f\x8c\x9f #ULTRACEMCO \xf0\x9f\x8c\x9f\n \xf0\x9f\x8c\x9f #TRENT \xf0\x9f\x8c\x9f\n \xf0\x9f\x8c\x9f #BEL \xf0\x9f\x8c\x9f\n \xf0\x9f\x8c\x9f #KOTAKBANK \xf0\x9f\x8c\x9f\n \xf0\x9f\x8c\x9f #OFSS \xf0\x9f\x8c\x9f\n \xf0\x9f\x8c\x9f\xe2\x80\xa6 https://t.co/BatyQwtcpT'
2023-05-27 06:12:38,"b'#KotakMahindraBank $KOTAKBANK chart suggests #Fibonacci based #Resistance Levels are 1945.62,1958.76,1960.74\nand\xe2\x80\xa6 https://t.co/TStqsXWv9H'"
2023-05-27 06:12:37,b'#KotakMahindraBank $KOTAKBANK DailyChart-SMAandFibonacciSupport-Resistance\nStock trading above 200 #SMA\n20SMA at 19\xe2\x80\xa6 https://t.co/k8UNIwYFiL'
2023-05-27 04:29:59,"b""KOTAKBANK | Monday's WatchList. \n\n#StockMaketIndia #Equity #CashTrading #Stock https://t.co/VBtHgcMDHi"""
2023-05-27 04:29:41,"b'RT @Rishabh9817: @KotakBankLtd, really disappointed with your credit card milestone benefit. Been trying to claim it for ages but no luck!\xe2\x80\xa6'"
2023-05-27 03:39:20,b'@KotakBankLtd What are these charges for can you please tell me Emi and other charges when the amount has been reve\xe2\x80\xa6 https://t.co/oSFJMcYEkD'
2023-05-27 02:42:01,b'#KotakMahindraBank $KOTAKBANK Hourly Chart\n#SuperTrend suggests #Bullish trend\n#Support level at 1929.87\xe2\x80\xa6 https://t.co/FELHUIF6zP'
2023-05-27 01:40:12,b'#KotakMahindraBank $KOTAKBANK Last 24 months Daily #StockMovement Line #Chart\nMax downward movement was -4.84%\nMax\xe2\x80\xa6 https://t.co/QwENcd57gn'
2023-05-27 00:59:07,b'#KotakMahindraBank $KOTAKBANK Daily #Stock Chart with 100 days #Fibonacci Retracement Levels\nFibonacci #Support Lev\xe2\x80\xa6 https://t.co/EpH5N58Zj6'
2023-05-26 22:22:15,"b'Being A Systen Analyst, with global expoure, a strong Natialist,always tries to expose corruption/misgovernance wit\xe2\x80\xa6 https://t.co/4ltLgqKjgG'"
2023-05-26 17:29:31,b'@harassedbykotak @KotakBankLtd Kotakbank service is very wrost poor staf behaviour very bad experience'
2023-05-26 17:28:54,b'@KotakBankLtd @RBI @FinMinIndia @udaykotak kotakbank service is very wrost poor staf behaviour very bad experience'
2023-05-26 17:26:30,b'@lungiraja @KotakBankLtd Kotakbank service is very wrost'
2023-05-26 16:48:07,b'@moneymunshi @KotakBankLtd Kotakbank service is very wrost poor staf behaviour very bad experience'
2023-05-26 16:46:59,b'@udaykotak @KotakBankLtd @RBI @FinMinIndia my bank account hold lien amount unauthorised kotakbank.. 20000 amount l\xe2\x80\xa6 https://t.co/Rh4FojIljb'
2023-05-26 16:12:43,"b'RT @Rishabh9817: @KotakBankLtd, really disappointed with your credit card milestone benefit. Been trying to claim it for ages but no luck!\xe2\x80\xa6'"
2023-05-26 15:52:02,"b'@KotakBankLtd, really disappointed with your credit card milestone benefit. Been trying to claim it for ages but no\xe2\x80\xa6 https://t.co/tBRcqKgnOF'"
2023-05-26 15:16:03,b'Hello @KotakBankLtd giving the false statement to the client and without consent giving the credit card to the clie\xe2\x80\xa6 https://t.co/LtR0eGCzQr'
2023-05-26 14:06:51,"b'""Hey @KotakBankLtd, my account is suddenly blocked/frozen because of incomplete KYC! What\'s the deal? I need my har\xe2\x80\xa6 https://t.co/hmutwnmjZi'"
2023-05-26 10:17:50,b'Closing bell #nifty #nifty50 #NiftyBank #niftyoption #kotakbank #adani #AdaniEnterprises https://t.co/FSvjpPZ1Jn'
2023-05-26 10:01:03,b'RT @EagleEyeReview: Tchinical Analisys Update #26May2023 13:15\nStock : #KOTAKBANK\n30 Min RSI :62.25\n30 Min RSI Comment :Strong with Positiv\xe2\x80\xa6'
2023-05-26 09:59:49,b'Tchinical Analisys Update #26May2023 13:15\nStock : #KOTAKBANK\n30 Min RSI :62.25\n30 Min RSI Comment :Strong with Pos\xe2\x80\xa6 https://t.co/G7J13TUdlQ'
2023-05-26 09:43:22,b'#KotakMahindraBank $KOTAKBANK Daily Chart\n#SuperTrend suggests #Bearish trend\n#Resistance level at 1968.46\xe2\x80\xa6 https://t.co/UJ2Arxo56z'
2023-05-26 08:44:42,b'\xf0\x9f\x9f\xa2 BUY KOTAKBANK 29 JUNE 1960 CE at 37 \n\nSL 22 TGT 62\n\nMsg If You Need ANy Help\n#stockmarketindia #stockmarket'
2023-05-26 08:36:55,b'#KotakMahindraBank $KOTAKBANK Monthwise Daily High - Low Movement Box Plot\nAvg day swing for last month is 32.92\nAv\xe2\x80\xa6 https://t.co/SyMF24bJnL'
2023-05-26 06:12:07,b'Tchinical Analisys Update #26May2023 09:27\nStock : #KOTAKBANK\n1 Day RSI :49.2\n1 Day RSI Comment :Weak with Negative\xe2\x80\xa6 https://t.co/Onq2rwcNeR'
2023-05-26 05:24:17,"b'#OptionChain - #KOTAKBANK\n#Stock #Bearish\n#PCR :0.72\nMax #CE buildup at 2100,windup at 2240 #PE buildup at 1900 win\xe2\x80\xa6 https://t.co/Sd0qhcOjRE'"
2023-05-26 05:16:54,b'#Kotakbank 1900PE bought at 30 (already holding @ 26.80)...SL 1942 hrly clg\n\n@Autusinvestment\n#SGLogic #SGLEVEL\xe2\x80\xa6 https://t.co/Ku5Hv4gHYX'
2023-05-26 04:47:31,b'RT @CapitalTrends: #KOTAKBANK   within 5% of long-term 200-day moving average. #BuyingOpportunity   #TradingOpportunity ?   https://t.co/De\xe2\x80\xa6'
2023-05-26 04:46:10,b'RT @CapitalTrends: #KOTAKBANK   within 5% of long-term 200-day moving average. #BuyingOpportunity   #TradingOpportunity ?   https://t.co/De\xe2\x80\xa6'
2023-05-26 04:45:05,b'RT @CapitalTrends: #KOTAKBANK   within 5% of long-term 200-day moving average. #BuyingOpportunity   #TradingOpportunity ?   https://t.co/De\xe2\x80\xa6'
2023-05-26 04:41:44,b'RT @CapitalTrends: #KOTAKBANK   within 5% of long-term 200-day moving average. #BuyingOpportunity   #TradingOpportunity ?   https://t.co/De\xe2\x80\xa6'
2023-05-26 03:40:40,b'Daily Update #26May2023 09:10\nStock : #KOTAKBANK\nOPEN :1918\nHIGH :1933.55\nLOW :1907.55\nCLOSE :1929.95\nPreClose :191\xe2\x80\xa6 https://t.co/T4f73T9HmM'
2023-05-26 03:29:41,"b'Hey @KotakBankLtd, from yesterday your mobile banking app is not opening. Is there a problem?\n#Kotak #kotakbank'"
2023-05-26 03:16:27,b'#KOTAKBANK   within 5% of long-term 200-day moving average. #BuyingOpportunity   #TradingOpportunity ?\xe2\x80\xa6 https://t.co/cHjmfrxdJ3'
2023-05-26 03:11:47,"b'RT @Ravi_Riskmgmt: #KOTAKBANK \n\n1936-1940 SMALL HURDLE, AFTER THAT AGAIN GOOD MOMENTUM POSSIBLE.\n\nSTRONG BASE 1890-1900 https://t.co/TgQbCn\xe2\x80\xa6'"
2023-05-26 03:10:48,b'RT @sglevels: 4 bearish stocks\n10.15 &amp; 11.15 clg very IMP\n#Positional 60M chart with SSG/ #SGLEVEL\n#Reliance-2440\n#SBIN-581\n#Kotakbank-1930\xe2\x80\xa6'
2023-05-26 03:04:17,"b'RT @5paisa: A snapshot of the top 5 stocks in each industry segment. \n\nFor more such #TradeBytes, stay tuned with 5paisa.\n\n#Tradebyte #SBI\xe2\x80\xa6'"
2023-05-26 03:03:15,b'#KotakMahindraBank $KOTAKBANK Daily #Stock Chart with 20 days #Fibonacci Retracement Levels\nFibonacci #Support Leve\xe2\x80\xa6 https://t.co/CwraRcyPve'
2023-05-26 03:01:59,"b""Hi my refund from my order has been processed by flipkart but hasn't been credited back to my credit card\xe2\x80\xa6 https://t.co/Dm1bMVrx8x"""
2023-05-26 02:49:24,"b'RT @Ravi_Riskmgmt: #KOTAKBANK \n\n1936-1940 SMALL HURDLE, AFTER THAT AGAIN GOOD MOMENTUM POSSIBLE.\n\nSTRONG BASE 1890-1900 https://t.co/TgQbCn\xe2\x80\xa6'"
2023-05-26 02:47:53,b'I am extremely disappointed with @KotakBankLtd for delaying the conversion of my USD credit to INR. I have been fol\xe2\x80\xa6 https://t.co/d5yH7M5aFu'
2023-05-26 02:47:35,"b'RT @Ravi_Riskmgmt: #KOTAKBANK \n\n1936-1940 SMALL HURDLE, AFTER THAT AGAIN GOOD MOMENTUM POSSIBLE.\n\nSTRONG BASE 1890-1900 https://t.co/TgQbCn\xe2\x80\xa6'"
2023-05-26 02:46:04,b'RT @sglevels: 4 bearish stocks\n10.15 &amp; 11.15 clg very IMP\n#Positional 60M chart with SSG/ #SGLEVEL\n#Reliance-2440\n#SBIN-581\n#Kotakbank-1930\xe2\x80\xa6'
2023-05-26 01:09:58,b'#KotakMahindraBank $KOTAKBANK Daily #Stock Chart with 50 days #Fibonacci Retracement Levels\nFibonacci #Support Leve\xe2\x80\xa6 https://t.co/kYEwtbWoOb'
2023-05-26 00:18:46,"b'RT @Ravi_Riskmgmt: #KOTAKBANK \n\n1936-1940 SMALL HURDLE, AFTER THAT AGAIN GOOD MOMENTUM POSSIBLE.\n\nSTRONG BASE 1890-1900 https://t.co/TgQbCn\xe2\x80\xa6'"
2023-05-25 23:53:05,"b'RT @Ravi_Riskmgmt: #KOTAKBANK \n\n1936-1940 SMALL HURDLE, AFTER THAT AGAIN GOOD MOMENTUM POSSIBLE.\n\nSTRONG BASE 1890-1900 https://t.co/TgQbCn\xe2\x80\xa6'"
2023-05-25 20:54:36,b'4 bearish stocks\n10.15 &amp; 11.15 clg very IMP\n#Positional 60M chart with SSG/ #SGLEVEL\n#Reliance-2440\n#SBIN-581\xe2\x80\xa6 https://t.co/au1jzcr7Uw'
2023-05-25 19:31:33,"b'RT @Ravi_Riskmgmt: #KOTAKBANK \n\n1936-1940 SMALL HURDLE, AFTER THAT AGAIN GOOD MOMENTUM POSSIBLE.\n\nSTRONG BASE 1890-1900 https://t.co/TgQbCn\xe2\x80\xa6'"
2023-05-25 19:16:10,"b'RT @Ravi_Riskmgmt: #KOTAKBANK \n\n1936-1940 SMALL HURDLE, AFTER THAT AGAIN GOOD MOMENTUM POSSIBLE.\n\nSTRONG BASE 1890-1900 https://t.co/TgQbCn\xe2\x80\xa6'"
2023-05-25 19:08:19,"b'#KOTAKBANK \n\n1936-1940 SMALL HURDLE, AFTER THAT AGAIN GOOD MOMENTUM POSSIBLE.\n\nSTRONG BASE 1890-1900 https://t.co/TgQbCnMF2c'"
2023-05-25 17:32:52,b'@KotakBankLtd \nSo bad service \nCostumer care didn\xe2\x80\x99t connect after \nHalf hour waiting but didn\xe2\x80\x99t connect \n\nSo froud\xe2\x80\xa6 https://t.co/QXvotUuaiJ'
2023-05-25 16:09:56,"b'#options and stocks level for May 26  \n\n#Infy  : CE if the price&gt;1307, PE if the price&lt;1289.25 \n\n#kotakbank   : CE\xe2\x80\xa6 https://t.co/JwRCDQH88H'"
2023-05-25 16:06:03,b'@BlueDart_ @BlueDartCares @DHLGlobal @KotakBankLtd \nWe ware open till 8pm today \nNO PERSON COME FOR DELIVERY AND IT\xe2\x80\xa6 https://t.co/M2Kdi1JXHC'
2023-05-25 14:59:26,b'#kotakbank rejection from our level \n\n#StockMarket #trading https://t.co/BuJPBahzBt https://t.co/xHu8hGarxB'
2023-05-25 13:22:43,b'Kotakbank service is very wrost'
2023-05-25 12:45:12,b'Mutual funds: Kotak Nifty 200 Momentum 30 Index Fund NFO opens today\n#mutualfunds #KotakBank #indexfunds #thespuzz\xe2\x80\xa6 https://t.co/phdeAOJ2cD'
2023-05-25 10:28:06,b'RT @mytradelogic: Closing bell #nifty #nifty50 #NiftyBank #niftyoption #kotakbank #adani #AdaniEnterprises https://t.co/FIszdIrRAR'
2023-05-25 10:18:12,b'Closing bell #nifty #nifty50 #NiftyBank #niftyoption #kotakbank #adani #AdaniEnterprises https://t.co/FIszdIrRAR'
2023-05-25 10:03:34,b'RT @shreestock01: inverted cup and handle with a weak RSI and at support.\n#kotakbank\n#nifty50 #bankniftyoption \n#niftyOptions #optionbuying\xe2\x80\xa6'
2023-05-25 10:00:02,b'#OLA Electric has hired @KotakBankLtd and #GoldmanSachs as adviser with an eye on public listing by the end of this\xe2\x80\xa6 https://t.co/AdlvFv2r7X'
2023-05-25 09:19:33,b'Alert Buy #KOTAKBANK CMP: 1924 #NimblrTA \n\nAlerts are delayed and for educational purpose only.\nFor live alerts and\xe2\x80\xa6 https://t.co/y9k5BXx6xw'
2023-05-25 08:20:46,b'#KotakMahindraBank $KOTAKBANK Last 12 months Daily #StockMovement Line #Chart\nMax downward movement was -3.94%\nMax\xe2\x80\xa6 https://t.co/OFVLATBteS'
2023-05-25 08:11:56,"b'RT @5paisa: A snapshot of the top 5 stocks in each industry segment. \n\nFor more such #TradeBytes, stay tuned with 5paisa.\n\n#Tradebyte #SBI\xe2\x80\xa6'"
2023-05-25 07:50:02,b'Alert Sell #KOTAKBANK CMP: 1916.65 #NimblrTA \n\nAlerts are delayed and for educational purpose only.\nFor live alerts\xe2\x80\xa6 https://t.co/uVq5mCq4pK'
2023-05-25 07:19:59,b'@mashrujeet @KotakBankLtd I faced similar issue few years back. A 0 balance account (salary account) was transferre\xe2\x80\xa6 https://t.co/bVzqUlfItP'
2023-05-25 07:10:14,b'Nifty50 Constituents: Which stocks are driving the #Nifty up and by how many points.\n[Automated 25-May 12:40\xe2\x80\xafPM]\n\n1\xe2\x80\xa6 https://t.co/dEL1rwF7nB'
2023-05-25 06:33:19,"b'#HDFCBANK, #HDFC ltd #Axisbank , #Kotakbank may change the mood of market\n#intraday 5M chart with SSG/ #SGLEVEL\xe2\x80\xa6 https://t.co/ws34fH1aXq'"
2023-05-25 05:55:42,b'Joining Fee : \xe2\x82\xb9500+ GST (Limited time With 0 Joining charges)\n\nAnnual Fee : \xe2\x82\xb9500+ GST (Spend \xe2\x82\xb92L/Year To get waiver\xe2\x80\xa6 https://t.co/a5saTmjxpS'
2023-05-25 05:31:37,"b'On the #Nifty50 index, the top performers were #Britannia, #BajajAuto, #PowerGrid, #ITC, and #KotakBank, while the\xe2\x80\xa6 https://t.co/GTlRaV0dY4'"
2023-05-25 04:51:25,b'#KotakMahindraBank $KOTAKBANK Last 24 months Daily #StockMovement Line #Chart\nMax downward movement was -4.84%\nMax\xe2\x80\xa6 https://t.co/4dhFoS0euB'
2023-05-25 04:45:55,"b'#OptionChain - #KOTAKBANK\n#Stock #Bearish\n#PCR :0.72\nMax #CE buildup at 1920,windup at 2000 #PE buildup at 1920 win\xe2\x80\xa6 https://t.co/WXxtBZToLl'"
2023-05-25 04:31:52,"b'#KOTAKBANK Hourly B, LTP 1927.6 \nSupport:1926.6, 1912.9, 1895.6. Resistance:1942.9, 1974.0\nTelegram:\xe2\x80\xa6 https://t.co/xqXtpGO49O'"
2023-05-25 04:19:04,b'#KOTAKBANK \nYesterday made a low of 1897.4 and now at 1930+ https://t.co/vjzzho7sp3'
2023-05-25 04:03:22,b'Buy Kotakbank 1920 CE \nCMP - 49\n#OptionsTrading \nfor further updates on this call stay tuned'
2023-05-25 04:01:58,b'#KOTAKBANK \nBooked full profit at 1920. not moved as expected \nhttps://t.co/hc140iz8te'
2023-05-25 04:00:25,b'RT @CapitalTrends: #KOTAKBANK   within 5% of 50-day moving average. #BuyingOpportunity #TradingOpportunity ?   https://t.co/K6LUyUsAs4 http\xe2\x80\xa6'
2023-05-25 04:00:14,b'RT @ShrutiJouhari: @RahulMi50945397 @KotakBankLtd @CIBIL_Official @KotakCares It\xe2\x80\x99s just not a torture. They also justify the fraud and misl\xe2\x80\xa6'
2023-05-25 03:58:06,b'RT @CapitalTrends: #KOTAKBANK   within 5% of 50-day moving average. #BuyingOpportunity #TradingOpportunity ?   https://t.co/K6LUyUsAs4 http\xe2\x80\xa6'
2023-05-25 03:56:33,b'RT @CapitalTrends: #KOTAKBANK   within 5% of 50-day moving average. #BuyingOpportunity #TradingOpportunity ?   https://t.co/K6LUyUsAs4 http\xe2\x80\xa6'
2023-05-25 03:53:48,b'RT @CapitalTrends: #KOTAKBANK   within 5% of 50-day moving average. #BuyingOpportunity #TradingOpportunity ?   https://t.co/K6LUyUsAs4 http\xe2\x80\xa6'
2023-05-25 03:51:16,b'#KotakMahindraBank $KOTAKBANK Hourly Chart\n#SuperTrend suggests #Bullish trend\n#Support level at 1899.01\xe2\x80\xa6 https://t.co/rsEQyVVHVK'
2023-05-25 03:41:14,b'Daily Update #25May2023 09:11\nStock : #KOTAKBANK\nOPEN :1921.95\nHIGH :1940\nLOW :1897.4\nCLOSE :1910.35\nPreClose :1921\xe2\x80\xa6 https://t.co/2pVtPyhWjG'
2023-05-25 02:22:14,b'#KOTAKBANK   within 5% of 50-day moving average. #BuyingOpportunity #TradingOpportunity ?   https://t.co/K6LUyUsAs4 https://t.co/XQdlIny3kC'
2023-05-24 18:14:36,"b""RT @Bombay_Lawyers: #Kotakbank tis clearly illegal, against #SupremeCourtofIndia directives! Can't open savings account without providing #\xe2\x80\xa6"""
2023-05-24 16:45:28,"b""@RBLBankCares Still no revert ...can you clarify on easy cash...it's interset free or not\n\n#RBI \n#axisbank\xe2\x80\xa6 https://t.co/eHgzRBQAF3"""
2023-05-24 14:37:45,"b'#HDFCBank, #ICICIBank, #KotakBank, #FedBank are looking negative\n\nOpen Interest\n1. Heavy Call writing is seen from\xe2\x80\xa6 https://t.co/J2k9pr8BqQ'"
2023-05-24 13:39:17,b'@RahulMi50945397 @KotakBankLtd @CIBIL_Official @KotakCares It\xe2\x80\x99s just not a torture. They also justify the fraud and\xe2\x80\xa6 https://t.co/FbUd1Wfopv'
2023-05-24 12:31:10,b'#KotakMahindraBank $KOTAKBANK Last 6 months Daily #StockMovement Histogram #Chart\nMax downward movement was -2.1%\nM\xe2\x80\xa6 https://t.co/88ze3OE3qo'
2023-05-24 12:25:19,"b'#INSIDERTRADE | #KOTAKBANK | KOTAK MAHINDRA BANK | PRAGNA BHATT, RELATIVES SOLD NET 12,000 SHARES THROUGH OPEN MARK\xe2\x80\xa6 https://t.co/unYDC37Wa0'"
2023-05-24 12:12:24,b'RT @CommonInsan: After successfully predicting #banknifty @ 44000\n\nHere is another video for Upcoming move in #Niftybank \n\nwatch like share\xe2\x80\xa6'
2023-05-24 10:13:47,b'Closing bell #nifty #nifty50 #NiftyBank #niftyoption #kotakbank #adani #AdaniEnterprises https://t.co/P4mb3PrNGJ'
2023-05-24 10:01:06,b'#kOTAKBANK ...cautioun for #Long... https://t.co/14pwr14Aik'
2023-05-24 10:00:02,b'RT @EagleEyeReview: Tchinical Analisys Update #24May2023 13:15\nStock : #KOTAKBANK\n30 Min RSI :20.62\n30 Min RSI Comment :Over Sold\n30 Min Hi\xe2\x80\xa6'
2023-05-24 09:59:51,b'Tchinical Analisys Update #24May2023 13:15\nStock : #KOTAKBANK\n30 Min RSI :20.62\n30 Min RSI Comment :Over Sold\n30 Mi\xe2\x80\xa6 https://t.co/LMYuNbxP1A'
2023-05-24 09:45:31,b'#KotakMahindraBank $KOTAKBANK Daily #Stock Chart with 100 days #Fibonacci Retracement Levels\nFibonacci #Support Lev\xe2\x80\xa6 https://t.co/JtBSNTR7RJ'
2023-05-24 09:23:57,b'Alert Sell #KOTAKBANK CMP: 1900 #NimblrTA \n\nAlerts are delayed and for educational purpose only.\nFor live alerts an\xe2\x80\xa6 https://t.co/Ybb8aCSKvY'
2023-05-24 09:19:56,b'#KotakBank \n1940 Pe 52 to 64\n\n#StockMarketindia #stocks @kuttrapali26 @sunilgurjar01 @KommawarSwapnil https://t.co/Mj386J4aOt'
2023-05-24 08:38:50,b'@KotakBankLtd @udaykotak\nVisited KotakBank BDA Complex Bangalore today for exchange five 2000/- note. Bluntly refus\xe2\x80\xa6 https://t.co/vKtebjToI1'
2023-05-24 08:22:14,b'inverted cup and handle with a weak RSI and at support.\n#kotakbank\n#nifty50 #bankniftyoption \n#niftyOptions\xe2\x80\xa6 https://t.co/NVUF4IoZDa'
2023-05-24 07:59:56,b'#KotakBank \n1940 Pe 52 to 60 lot size 400\n\n#stocks #StockMarketindia #StocksToBuy @kuttrapali26 @sunilgurjar01\xe2\x80\xa6 https://t.co/e2TmhzztEI'
2023-05-24 07:55:20,b'#KOTAKBANK \ntrail SL to cost and  booked Partial Profits here \nhttps://t.co/UwRNSnEBtb\n#StockToWatch #StocksToSell\xe2\x80\xa6 https://t.co/bLuNaCLw9q'
2023-05-24 07:48:27,b'#KotakBank \n1940 Pe 52 to 57.70 lot size 400\n\nKeep Printing \xf0\x9f\x92\xb5\xf0\x9f\x92\xb5\n\n#stocks #StocksToBuy #StockMarketindia\xe2\x80\xa6 https://t.co/5hdJ4HdgDj'
2023-05-24 07:47:58,b'#KotakMahindraBank $KOTAKBANK Last 3 months Daily #StockMovement Histogram #Chart\nMax downward movement was -1.95%\xe2\x80\xa6 https://t.co/3mhsdj3HxQ'
2023-05-24 07:35:19,"b'#KOTAKBANK \nBelow 1895, panic up to 1850-----1830?? https://t.co/VWjJGGTCA7'"
2023-05-24 07:26:24,"b'Hello @KotakBankLtd, how do I check/enquire about the status of a DemandDraft sent to a KotakBank account? Any email or Portal to connect?'"
2023-05-24 06:51:27,b'Alert Sell #KOTAKBANK CMP: 1927 #NimblrTA \n\nAlerts are delayed and for educational purpose only.\nFor live alerts an\xe2\x80\xa6 https://t.co/qJbkBoOgyf'
2023-05-24 06:47:43,b'@KotakBank__01 I have done for one year with no response. I don\xe2\x80\x99t care whether that account remains operational or not. @udaykotak'
2023-05-24 06:30:05,b'KOTAKBANK - Announcement under Regulation 30 (LODR)-Analyst / Investor Meet - Intimation https://t.co/87jB1RiLQ8'
2023-05-24 06:26:23,b'#KotakMahindraBank $KOTAKBANK Weekly Chart\n#SuperTrend suggests #Bullish trend\n#Support level at 1840.9\xe2\x80\xa6 https://t.co/YbLtfmiULl'
2023-05-24 06:25:15,"b'#OptionChain - #KOTAKBANK\n#Stock #Bearish\n#PCR :0.65\nMax #CE buildup at 1360,windup at 1980 #PE buildup at 1920 win\xe2\x80\xa6 https://t.co/2zHUv2ei5e'"
2023-05-24 06:17:07,b'#KotakMahindraBank $KOTAKBANK Monthwise Daily High - Low Movement Box Plot\nAvg day swing for last month is 32.44\nAv\xe2\x80\xa6 https://t.co/yqw8HbNn50'
2023-05-24 06:10:28,b'@KotakBank__01 Waiting for your call since morning but no action has been taken till now. You guys work as inhumane and never help people'
2023-05-24 05:42:15,b'#ICICIBank #SBIN #kotakbank #hdfcbank  All are Buy on every dips. !!'
2023-05-24 05:36:19,"b""@aliceblue_india Dear Team, why on most of strikes you don't allow to take sell position ?\nthis is very bad, what i\xe2\x80\xa6 https://t.co/ZbYJ2hT8Dd"""
2023-05-24 05:19:41,"b'@Ravi_Riskmgmt Until n unless kotakbank cross and sustain above 1951, then only it can touch 2000 2020 level .. mul\xe2\x80\xa6 https://t.co/C1UyCtUK6J'"
2023-05-24 04:50:27,b'#Nifty strong recovery \n\nITC\nHdfclife\n britania  \nappolo hospital\nKotakbank \nDr Reddy\n\nThese stocks are nearly 1% UP &amp; lifting #nifty50'
2023-05-24 03:52:09,b'RT @CapitalTrends: #KOTAKBANK   within 5% of long-term 200-day moving average. #BuyingOpportunity   #TradingOpportunity ?   https://t.co/T4\xe2\x80\xa6'
2023-05-24 03:51:03,b'RT @CapitalTrends: #KOTAKBANK   within 5% of long-term 200-day moving average. #BuyingOpportunity   #TradingOpportunity ?   https://t.co/T4\xe2\x80\xa6'
2023-05-24 03:49:50,b'RT @CapitalTrends: #KOTAKBANK   within 5% of long-term 200-day moving average. #BuyingOpportunity   #TradingOpportunity ?   https://t.co/T4\xe2\x80\xa6'
2023-05-24 03:47:43,b'RT @CapitalTrends: #KOTAKBANK   within 5% of long-term 200-day moving average. #BuyingOpportunity   #TradingOpportunity ?   https://t.co/T4\xe2\x80\xa6'
2023-05-24 03:41:06,b'Daily Update #24May2023 09:11\nStock : #KOTAKBANK\nOPEN :1940.2\nHIGH :1940.2\nLOW :1915\nCLOSE :1921.5\nPreClose :1940.2\xe2\x80\xa6 https://t.co/9ggXxzmaNs'
2023-05-24 03:25:48,b'#KOTAKBANK   within 5% of long-term 200-day moving average. #BuyingOpportunity   #TradingOpportunity ?\xe2\x80\xa6 https://t.co/2X2kR8Icfq'
2023-05-24 03:07:24,b'Get your free Kotak 811 account now:\n0\xef\xb8\x8f\xe2\x83\xa3 Zero Balance Savings Account \n\xf0\x9f\x92\xb0 Earn up to 4% interest per annum\n\xf0\x9f\x8e\x81 Free Vi\xe2\x80\xa6 https://t.co/BAwdwhsWYS'
2023-05-24 01:41:58,b'RT @Deishma: Based on Wave + Candlestick \n\nKOTAK BANK - Weekly Chart\n\nBelow 1838 may seek to find new low\nAbove 1962 towards 2089\nSupports\xe2\x80\xa6'
2023-05-24 01:37:07,b'RT @Deishma: Based on Wave + Candlestick \n\nKOTAK BANK - Weekly Chart\n\nBelow 1838 may seek to find new low\nAbove 1962 towards 2089\nSupports\xe2\x80\xa6'
2023-05-24 01:24:38,b'@KotakBank__01 Hi!. Do not interact with anyone posing as a bank employee and do not share any personal details lik\xe2\x80\xa6 https://t.co/AK4lPL9uAU'
2023-05-24 01:24:35,b'@KotakBank__01 Hi!. Do not interact with anyone posing as a bank employee and do not share any personal details lik\xe2\x80\xa6 https://t.co/C2QQSyBv2e'
2023-05-24 01:24:28,b'@KotakBank__01 Hi!. Do not interact with anyone posing as a bank employee and do not share any personal details lik\xe2\x80\xa6 https://t.co/q2v5aQqcMH'
2023-05-24 01:24:25,b'@KotakBank__01 Hi!. Do not interact with anyone posing as a bank employee and do not share any personal details lik\xe2\x80\xa6 https://t.co/yZyh44Bv7y'
2023-05-24 01:24:21,b'@KotakBank__01 Hi!. Do not interact with anyone posing as a bank employee and do not share any personal details lik\xe2\x80\xa6 https://t.co/mY1xzPzC14'
2023-05-24 01:24:18,b'@KotakBank__01 Hi!. Do not interact with anyone posing as a bank employee and do not share any personal details lik\xe2\x80\xa6 https://t.co/r0KGbRC03u'
2023-05-24 01:24:13,b'@KotakBank__01 Hi!. Do not interact with anyone posing as a bank employee and do not share any personal details lik\xe2\x80\xa6 https://t.co/uX02Zacdje'
2023-05-24 01:24:11,b'@KotakBank__01 Hi!. Do not interact with anyone posing as a bank employee and do not share any personal details lik\xe2\x80\xa6 https://t.co/kpiZV9zsqF'
2023-05-24 01:24:08,b'@KotakBank__01 Hi!. Do not interact with anyone posing as a bank employee and do not share any personal details lik\xe2\x80\xa6 https://t.co/OE2vH3IPf1'
2023-05-24 01:24:05,b'@KotakBank__01 Hi!. Do not interact with anyone posing as a bank employee and do not share any personal details lik\xe2\x80\xa6 https://t.co/Rcn0bVOCcN'
2023-05-24 01:18:52,b'Based on Wave + Candlestick \n\nKOTAK BANK - Weekly Chart\n\nBelow 1838 may seek to find new low\nAbove 1962 towards 208\xe2\x80\xa6 https://t.co/ro42QYhB1G'
2023-05-24 01:18:36,b'@KotakBank__01 Hi!. Do not interact with anyone posing as a bank employee and do not share any personal details lik\xe2\x80\xa6 https://t.co/aQbIDbCiAw'
2023-05-24 01:18:32,b'@KotakBank__01 Hi!. Do not interact with anyone posing as a bank employee and do not share any personal details lik\xe2\x80\xa6 https://t.co/Qsp7QctZCJ'
2023-05-24 01:18:27,b'@KotakBank__01 Hi!. Do not interact with anyone posing as a bank employee and do not share any personal details lik\xe2\x80\xa6 https://t.co/GDWkbtOunu'
2023-05-24 01:18:22,b'@KotakBank__01 Hi!. Do not interact with anyone posing as a bank employee and do not share any personal details lik\xe2\x80\xa6 https://t.co/5jaPD24InL'
2023-05-24 01:18:18,b'@KotakBank__01 Hi!. Do not interact with anyone posing as a bank employee and do not share any personal details lik\xe2\x80\xa6 https://t.co/yZ7RqaNxQc'
2023-05-24 01:18:11,b'@KotakBank__01 Hi!. Do not interact with anyone posing as a bank employee and do not share any personal details lik\xe2\x80\xa6 https://t.co/FeXoKUXk7M'
2023-05-24 01:18:08,b'@KotakBank__01 Hi!. Do not interact with anyone posing as a bank employee and do not share any personal details lik\xe2\x80\xa6 https://t.co/QAY2xRBzA7'
2023-05-24 01:11:42,b'@KotakBank__01 Hi!. Do not interact with anyone posing as a bank employee and do not share any personal details lik\xe2\x80\xa6 https://t.co/Yl51At7jPE'
2023-05-23 19:29:38,"b""I also have recording if you want anything as proof, and please stop putting that much pressure it's not a human wa\xe2\x80\xa6 https://t.co/wjw7neG6oD"""
2023-05-23 19:22:37,b'Dear @KotakBankLtd @udaykotak \nI received a credit card even after cancelling while verification call because your\xe2\x80\xa6 https://t.co/XRBOyG3RqQ'
2023-05-23 16:13:03,"b'RT @bikashsipani: #banknifty, #Nifty, #index \n\nBoth the index are at the congestion zone, last 1 hour price action was not good, we may sce\xe2\x80\xa6'"
2023-05-23 16:12:39,b'Stocks near 52 week high\n \xf0\x9f\x8c\x9f #KOTAKBANK \xf0\x9f\x8c\x9f\n \xf0\x9f\x8c\x9f #HCLTECH \xf0\x9f\x8c\x9f\n \xf0\x9f\x8c\x9f #L&amp;TFH \xf0\x9f\x8c\x9f\n \xf0\x9f\x8c\x9f #COFORGE \xf0\x9f\x8c\x9f\n \xf0\x9f\x8c\x9f #BEL \xf0\x9f\x8c\x9f\n \xf0\x9f\x8c\x9f #NSLNISP \xf0\x9f\x8c\x9f\n \xf0\x9f\x8c\x9f #GSPL \xf0\x9f\x8c\x9f\xe2\x80\xa6 https://t.co/pRxREycQZi'
2023-05-23 16:09:09,"b'#banknifty, #Nifty, #index \n\nBoth the index are at the congestion zone, last 1 hour price action was not good, we m\xe2\x80\xa6 https://t.co/Gx2VEFrNJd'"
2023-05-23 16:04:52,"b'Does your kotak 811 account also freeze by the bank and what was the reason?\nMy account was ""total freeze"" for ADDR\xe2\x80\xa6 https://t.co/TZcJeEjmIn'"
2023-05-23 12:59:24,b'If you are a #kotakbank credit card holder then sit back and relax your bank balance And property will be sold out\xe2\x80\xa6 https://t.co/Kn9IfpZWxf'
2023-05-23 10:42:50,b'#KotakMahindraBank $KOTAKBANK Last 24 months Daily #StockMovement Line #Chart\nMax downward movement was -4.84%\nMax\xe2\x80\xa6 https://t.co/oSHidHNukZ'
2023-05-23 10:20:59,b'Closing bell #nifty #nifty50 #NiftyBank #niftyoption #kotakbank #adani #AdaniEnterprises https://t.co/ROrKRjzrHu'
2023-05-23 10:00:51,b'Tchinical Analisys Update #23May2023 13:16\nStock : #KOTAKBANK\n30 Min RSI :35.23\n30 Min RSI Comment :Weak with Negat\xe2\x80\xa6 https://t.co/KiaUfFhYnk'
2023-05-23 09:34:06,b'@udaykotak you are the ceo of kotak and still you dont even bother to revert on emails shame on you #kotakbank @KotakBankLtd @udaykotak'
2023-05-23 09:31:11,"b'RT @Ankit_38538: I applied for a current account at #kotakbank on May 12th, but unfortunately, my account has not been opened yet. Despite\xe2\x80\xa6'"
2023-05-23 09:30:49,"b'BUY: Zomato, Punjab National Bank, Muthoot Finance, Bandhan Bank, Delhivery, IRB Infra, KIMS, RateGain and Sun TV N\xe2\x80\xa6 https://t.co/tx67gkADGS'"
2023-05-23 09:24:07,"b""That's the #StockMarketindia view we gave for today on last Saturday itself. To know in advance join us on the foll\xe2\x80\xa6 https://t.co/QqwYYv8nni"""
2023-05-23 09:06:26,"b'I applied for a current account at #kotakbank on May 12th, but unfortunately, my account has not been opened yet. D\xe2\x80\xa6 https://t.co/6rkLF1IstJ'"
2023-05-23 08:54:27,b'[Automated]\n#NSE #Nifty #Nifty50 #Shares as on 14:24\n\nGainers: 35 | Loosers: 15\n\nTop 3\n\nADANIENT 16.56% \nDIVISLAB 4\xe2\x80\xa6 https://t.co/nDl0Td3jbA'
2023-05-23 08:41:47,b'If today #BankNifty have support from #HDFCBank and #KotakBank we may see new #ATH'
2023-05-23 08:39:21,"b'#kotakbank    \xf0\x9f\x87\xae\xf0\x9f\x87\xb3 on the #NSE, #Block of 33083 shares at Rs. 1924.6 worth 6.37 crore rupees at  2:03 PM  #blockdeal #intraday #bigblock'"
2023-05-23 08:34:34,"b""Today's Performance \xf0\x9f\x92\xaf\n\n#Banknifty #kotakbank #DeltaCorp Option Buying Trades\n\n\xf0\x9f\x9a\x80 Telegram\nhttps://t.co/Zgmfg1CP8H\xe2\x80\xa6 https://t.co/e4kRrBZZ2f"""
2023-05-23 08:27:52,"b'#KotakBank   \xf0\x9f\x87\xae\xf0\x9f\x87\xb3 on the #NSE, #Block of 32732 shares at Rs. 1922.4 worth 6.29 crore rupees at  1:45 PM  #blockdeal #intraday #bigblock'"
2023-05-23 07:59:21,"b'#KotakBank   \xf0\x9f\x87\xae\xf0\x9f\x87\xb3 on the #NSE, #Block of 32768 shares at Rs. 1922.75 worth 6.3 crore rupees at  1:25 PM  #blockdeal #intraday #bigblock'"
2023-05-23 07:53:39,b'[Automated]\n#NSE #Nifty #Nifty50 #Shares as on 13:23\n\nGainers: 35 | Loosers: 15\n\nTop 3\n\nADANIENT 13.45% \nDIVISLAB 4\xe2\x80\xa6 https://t.co/OyGCJ0543z'
2023-05-23 07:48:20,"b'#KotakBank   \xf0\x9f\x87\xae\xf0\x9f\x87\xb3 on the #NSE, #Block of 37770 shares at Rs. 1923.8 worth 7.27 crore rupees at  1:09 PM  #blockdeal #intraday #bigblock'"
2023-05-23 07:45:38,"b'#KotakBank   \xf0\x9f\x87\xae\xf0\x9f\x87\xb3 on the #NSE, #Block of 33381 shares at Rs. 1923.6 worth 6.42 crore rupees at  12:56 PM  #blockdeal #intraday #bigblock'"
2023-05-23 07:44:07,"b'#KotakBank   \xf0\x9f\x87\xae\xf0\x9f\x87\xb3 on the #NSE, #Block of 33876 shares at Rs. 1921.9 worth 6.51 crore rupees at  12:46 PM  #blockdeal #intraday #bigblock'"
2023-05-23 07:41:48,"b'#OptionChain - #KOTAKBANK\n#Stock #Bearish\n#PCR :0.6\nMax #CE buildup at 1920,windup at 2020 #PE buildup at 1920 wind\xe2\x80\xa6 https://t.co/gIMgk2gpm6'"
2023-05-23 07:10:53,"b'#kotakbank    \xf0\x9f\x87\xae\xf0\x9f\x87\xb3 on the #NSE, #Block of 36745 shares at Rs. 1919.85 worth 7.05 crore rupees at  12:30 PM  #blockdeal #intraday #bigblock'"
2023-05-23 07:10:20,b'Nifty50 Constituents: Which stocks are driving the #Nifty down and by how many points.\n[Automated 23-May 12:40\xe2\x80\xafPM]\xe2\x80\xa6 https://t.co/DTLFgS625v'
2023-05-23 06:52:51,b'[Automated]\n#NSE #Nifty #Nifty50 #Shares as on 12:22\n\nGainers: 40 | Loosers: 10\n\nTop 3\n\nADANIENT 13.06% \nDIVISLAB 4\xe2\x80\xa6 https://t.co/HE3A5Zm2cq'
2023-05-23 06:47:01,"b""@KotakCares I think you should be ashamed it's been 5 days you haven't replied to me yet #kotakbank https://t.co/OqNcEj75xP"""
2023-05-23 06:46:59,"b'#KotakBank   \xf0\x9f\x87\xae\xf0\x9f\x87\xb3 on the #NSE, #Block of 34129 shares at Rs. 1920.5 worth 6.55 crore rupees at  12:14 PM  #blockdeal #intraday #bigblock'"
2023-05-23 06:46:34,"b'#Kotakbank   \xf0\x9f\x87\xae\xf0\x9f\x87\xb3 on the #NSE, #Block of 31840 shares at Rs. 1920.65 worth 6.12 crore rupees at  12:03 PM  #blockdeal #intraday #bigblock'"
2023-05-23 06:25:49,b'Alert Sell #KOTAKBANK CMP: 1915.55 #NimblrTA \n\nAlerts are delayed and for educational purpose only.\nFor live alerts\xe2\x80\xa6 https://t.co/hPYwykZRz9'
2023-05-23 06:25:22,b'Top losers from BSE100 index\n[Automated 23-May 11:55\xe2\x80\xafAM]\n\n-1.68% : BEL\n-1.14% : KOTAKBANK\n-1.08% : LTIM\n-1.05% : CO\xe2\x80\xa6 https://t.co/juArRAy2o7'
2023-05-23 06:09:45,b'#KOTAKBANK\nTrade started coming in our favour.  SL revise to todays high 1941 closing basis   \nconservative can tra\xe2\x80\xa6 https://t.co/5xew6VzOvf'
2023-05-23 05:52:04,b'[Automated]\n#NSE #Nifty #Nifty50 #Shares as on 11:22\n\nGainers: 43 | Loosers: 7\n\nTop 3\n\nADANIENT 13.07% \nDIVISLAB 3.\xe2\x80\xa6 https://t.co/9LVw3K9GAa'
2023-05-23 05:45:01,"b'#Kotakbank   \xf0\x9f\x87\xae\xf0\x9f\x87\xb3 on the #NSE, #Block of 30080 shares at Rs. 1920.25 worth 5.78 crore rupees at  11:02 AM  #blockdeal #intraday #bigblock'"
2023-05-23 05:44:06,"b'#BandhanBank   \xf0\x9f\x87\xae\xf0\x9f\x87\xb3 on the #NSE, #Block of 453921 shares at Rs. 250.05 worth 11.35 crore rupees at  10:52 AM\xe2\x80\xa6 https://t.co/GtxNriMjei'"
2023-05-23 05:37:43,b'Kotak bank customer care no not responding  #kotakbank #udaykotak #kotakbankcustombercare #kotaklifeinsurance #banking.'
2023-05-23 05:24:51,"b'#AdaniWilmar   \xf0\x9f\x87\xae\xf0\x9f\x87\xb3 on the #NSE, #Block of 162711 shares at Rs. 488.7 worth 7.95 crore rupees at  10:38 AM\xe2\x80\xa6 https://t.co/vwWXwkZpGA'"
2023-05-23 05:23:08,b'Alert Sell #KOTAKBANK CMP: 1922.6 #NimblrTA \n\nAlerts are delayed and for educational purpose only.\nFor live alerts\xe2\x80\xa6 https://t.co/W8o008ijmL'
2023-05-23 04:56:35,"b'#KotakBANK   \xf0\x9f\x87\xae\xf0\x9f\x87\xb3 on the #NSE, #Block of 30100 shares at Rs. 1928.4 worth 5.8 crore rupees at  10:15 AM  #blockdeal\xe2\x80\xa6 https://t.co/yNsMdA1ig2'"
2023-05-23 04:56:07,b'RT @SBK_analysis: #KOTAKBANK  ready for a big move day\nin 1-2 sessions\n\nOption Buyers can keep this in radar\n\n#GANN pressure\n\nFor direction\xe2\x80\xa6'
2023-05-23 04:51:16,b'[Automated]\n#NSE #Nifty #Nifty50 #Shares as on 10:21\n\nGainers: 37 | Loosers: 13\n\nTop 3\n\nADANIENT 12.5% \nDIVISLAB 3.\xe2\x80\xa6 https://t.co/FlLMOOnIoT'
2023-05-23 04:42:47,b'#KOTAKBANK  ready for a big move day\nin 1-2 sessions\n\nOption Buyers can keep this in radar\n\n#GANN pressure\n\nFor dir\xe2\x80\xa6 https://t.co/V6w76Dntu8'
2023-05-23 04:24:51,b'Issuance of lower/ Nil deduction certificate\nat the time of sale of property in India\n\n#Trending #TrendingHot\xe2\x80\xa6 https://t.co/Tp4qiV3Xco'
2023-05-23 04:21:21,"b'#KotakBank   \xf0\x9f\x87\xae\xf0\x9f\x87\xb3 on the #NSE, #Block of 36730 shares at Rs. 1928.35 worth 7.08 crore rupees at  9:40 AM  #blockdeal #intraday #bigblock'"
2023-05-23 04:17:04,b'#KotakMahindraBank $KOTAKBANK Daily #Stock Chart with 50 days #Fibonacci Retracement Levels\nFibonacci #Support Leve\xe2\x80\xa6 https://t.co/XbABqmtr88'
2023-05-23 04:15:13,"b'#KotakBank   \xf0\x9f\x87\xae\xf0\x9f\x87\xb3 on the #NSE, #Block of 32060 shares at Rs. 1931.15 worth 6.19 crore rupees at  9:31 AM  #blockdeal\xe2\x80\xa6 https://t.co/FFuo2YcLXZ'"
2023-05-23 04:14:02,"b'#APLApollo   \xf0\x9f\x87\xae\xf0\x9f\x87\xb3 on the #NSE, #Block of 108990 shares at Rs. 1111.05 worth 12.11 crore rupees at  9:24 AM\xe2\x80\xa6 https://t.co/qKz9yuYAqJ'"
2023-05-23 03:50:29,b'[Automated]\n#NSE #Nifty #Nifty50 #Shares as on 09:20\n\nGainers: 40 | Loosers: 10\n\nTop 3\n\nADANIENT 10.0% \nADANIPORTS\xe2\x80\xa6 https://t.co/wIT3LQSIag'
2023-05-23 03:41:33,b'Daily Update #23May2023 09:11\nStock : #KOTAKBANK\nOPEN :1945\nHIGH :1952.5\nLOW :1923.65\nCLOSE :1940.2\nPreClose :1941.\xe2\x80\xa6 https://t.co/1bZKJgV0OI'
2023-05-23 02:55:02,b'Today keep on radar\nKotakbank and Axis bank'
2023-05-22 16:41:28,b'@KotakBank_01 This Profile and the number is fake. Do not interact with anyone posing as a bank employee and do not\xe2\x80\xa6 https://t.co/4lbZaI45ms'
2023-05-22 16:41:18,b'@KotakBank_01 This Profile and the number is fake. Do not interact with anyone posing as a bank employee and do not\xe2\x80\xa6 https://t.co/BIrLd1O8wa'
2023-05-22 16:41:14,b'@KotakBank_01 This Profile and the number is fake. Do not interact with anyone posing as a bank employee and do not\xe2\x80\xa6 https://t.co/NBZADha2cP'
2023-05-22 16:39:38,"b'#OptionChain - #KOTAKBANK\n#Stock #Bearish\n#PCR :0.63\nMax #CE buildup at 1360,windup at 2000 #PE buildup at 1360 win\xe2\x80\xa6 https://t.co/GGM17TCYHU'"
2023-05-22 14:54:55,"b'RT @5paisa: A snapshot of the top 5 stocks in each industry segment. \n\nFor more such #TradeBytes, stay tuned with 5paisa.\n\n#Tradebyte #SBI\xe2\x80\xa6'"
2023-05-22 14:51:27,"b""@udaykotak @KotakBankLtd kind of worst service. I'm not able to download band statment in 811 A/c. From last 3 days\xe2\x80\xa6 https://t.co/jyf8e5LOkU"""
2023-05-22 13:24:53,b'Important Intraday Levels for Next Session\nStock : #KOTAKBANK\nR3 :1982.77\nR2 :1967.63\nR1 :1953.92\nCLOSE :1940.2\nS1\xe2\x80\xa6 https://t.co/GWtEwVhmAc'
2023-05-22 12:51:09,"b'Market Outlook : Short to medium term investors follow this strategy say Mr. Gaurang Shah, Head Investment Strategi\xe2\x80\xa6 https://t.co/Bak5zsJbfN'"
2023-05-22 12:31:50,b'#KotakMahindraBank $KOTAKBANK Monthwise Daily High - Low Movement Box Plot\nAvg day swing for last month is 33.68\nAv\xe2\x80\xa6 https://t.co/XNIlPiDutm'
2023-05-22 12:16:30,b'Stocks near 52 week high\n \xf0\x9f\x8c\x9f #IDFC \xf0\x9f\x8c\x9f\n \xf0\x9f\x8c\x9f #LUPIN \xf0\x9f\x8c\x9f\n \xf0\x9f\x8c\x9f #KOTAKBANK \xf0\x9f\x8c\x9f\n \xf0\x9f\x8c\x9f #SYNGENE \xf0\x9f\x8c\x9f\n \xf0\x9f\x8c\x9f #NESTLEIND \xf0\x9f\x8c\x9f\n \xf0\x9f\x8c\x9f #GLENMARK \xf0\x9f\x8c\x9f\n \xf0\x9f\x8c\x9f\xe2\x80\xa6 https://t.co/WMX5j63zNt'
2023-05-22 12:08:21,b'#kotakbank #kotak #creditcard  #kotakcustomercare \nAnyone help me  with block Kotak Mahindra Bank credit card calls\xe2\x80\xa6 https://t.co/HJgmvN9vs3'
2023-05-22 11:41:30,b'@Flippriyanka telegram id\nhttps://t.co/ITEKQqSg03 telegram group \nI just say stop that cyber criminals\xe2\x80\xa6 https://t.co/8rCeUxkr40'
2023-05-22 11:24:39,b'We Are Providing\xf0\x9f\x8f\xa0 Home Loan\xe2\x96\xb6\xe2\x96\xb6... Make A Next Move . DDi Global Tech India Pvt Ltd...\n\n#homeloan #personalloan\xe2\x80\xa6 https://t.co/oIOpigBo1E'
2023-05-22 10:48:35,b'@KotakBank_01 No one is receiving call \xf0\x9f\x98\x9e'
2023-05-22 10:12:03,b'RT @mytradelogic: Closing bell #nifty #nifty50 #NiftyBank #niftyoption #kotakbank #adani #AdaniEnterprises https://t.co/HffrbAJ9nt'
2023-05-22 10:09:47,b'Closing bell #nifty #nifty50 #NiftyBank #niftyoption #kotakbank #adani #AdaniEnterprises https://t.co/HffrbAJ9nt'
2023-05-22 10:02:03,b'RT @EagleEyeReview: Tchinical Analisys Update #22May2023 13:14\nStock : #KOTAKBANK\n30 Min RSI :62.52\n30 Min RSI Comment :Strong with Negativ\xe2\x80\xa6'
2023-05-22 09:59:08,b'Tchinical Analisys Update #22May2023 13:14\nStock : #KOTAKBANK\n30 Min RSI :62.52\n30 Min RSI Comment :Strong with Neg\xe2\x80\xa6 https://t.co/ZFmVjXe2NZ'
2023-05-22 08:52:47,"b'@KotakBank_01 @KotakCares this is a fraud handle, pls block him @TwitterSupport @Twitter'"
2023-05-22 07:48:47,b'@Ravi_Riskmgmt Dada....ur view on  kotakbank 2000 ce entry?? Is it at correct price to buy?'
2023-05-22 07:18:34,"b""@udaykotak while China may claim to be the world's factory, the banking services provided by @KotakBank fall short\xe2\x80\xa6 https://t.co/j8wudvsAnf"""
2023-05-22 07:10:42,"b'#KotakMahindraBank $KOTAKBANK chart suggests #Fibonacci based #Resistance Levels are 1952.47,1955.04,1980.0\nand\xe2\x80\xa6 https://t.co/uWukwQQsJ8'"
2023-05-22 07:10:41,b'#KotakMahindraBank $KOTAKBANK DailyChart-SMAandFibonacciSupport-Resistance\nStock trading above 200 #SMA\n20SMA at 19\xe2\x80\xa6 https://t.co/GqFL3m7cLW'
2023-05-22 06:27:41,"b'@Ravi_Riskmgmt good morning sir, thank you for #KOTAKBANK alert. https://t.co/2HtVMrjmr7'"
2023-05-22 06:17:40,b'@payal_trustable Kotakbank looks good for short now?'
2023-05-22 06:11:23,b'Tchinical Analisys Update #22May2023 09:26\nStock : #KOTAKBANK\n1 Day RSI :52.32\n1 Day RSI Comment :Strong with Negat\xe2\x80\xa6 https://t.co/tINfnu6YFZ'
2023-05-22 06:04:04,"b'RT @varun_kapoor: ""ADANI rocking the market today like a boss! Cash stocks hitting upper circuits, making everyone\'s pockets happy. Bank Ni\xe2\x80\xa6'"
2023-05-22 06:03:50,b'RT @BandanaMrs: HOW  BANKS #KOTAKBANK LOOTING TAKING @42.66% INTEREST ON PERSONAL LOAN CARDS + INTEREST ON CHARGES + GST ON  CHARGES + INTE\xe2\x80\xa6'
2023-05-22 06:02:26,b'I believe Private sector banks would drag down $NIFTY50.NSE from current levels....Stay bearish on $NIFTYPVTBANK.NS\xe2\x80\xa6 https://t.co/9f2Thdrx4Y'
2023-05-22 05:59:45,"b'""ADANI rocking the market today like a boss! Cash stocks hitting upper circuits, making everyone\'s pockets happy. B\xe2\x80\xa6 https://t.co/NJsfgBAzl0'"
2023-05-22 05:43:39,b'#KotakMahindraBank $KOTAKBANK Daily Chart\n#SuperTrend suggests #Bearish trend\n#Resistance level at 1973.47\xe2\x80\xa6 https://t.co/f41MBUgO8G'
2023-05-22 05:12:11,"b""@udaykotak @KotakBankLtd it's been more than 15 days and your team is playing a reply- reply on DM's. What the hell\xe2\x80\xa6 https://t.co/bgB39EIdVz"""
2023-05-22 05:04:13,b'RT @Someshbhujbal09: Kotak is a very interesting place. If there is no breakout in two days it will fall and that is not good for this stoc\xe2\x80\xa6'
2023-05-22 04:36:37,"b'#OptionChain - #KOTAKBANK\n#Stock #Bearish\n#PCR :0.64\nMax #CE buildup at 1980,windup at 2000 #PE buildup at 1940 win\xe2\x80\xa6 https://t.co/iWHfDQmO47'"
2023-05-22 04:32:55,"b'#KOTAKBANK Hourly S, LTP 1940.4 \nSupport:1926.6, 1912.9, 1895.6. Resistance:1942.9, 1974.0\nTelegram:\xe2\x80\xa6 https://t.co/EgRhEzot7h'"
2023-05-22 03:40:02,b'RT @EagleEyeReview: Daily Update #22May2023 09:09\nStock : #KOTAKBANK\nOPEN :1930\nHIGH :1946.85\nLOW :1923.5\nCLOSE :1941.65\nPreClose :1927.4\nC\xe2\x80\xa6'
2023-05-22 03:39:53,b'Daily Update #22May2023 09:09\nStock : #KOTAKBANK\nOPEN :1930\nHIGH :1946.85\nLOW :1923.5\nCLOSE :1941.65\nPreClose :1927\xe2\x80\xa6 https://t.co/hvp38pIzRy'
2023-05-22 03:17:09,b'RT @BandanaMrs: HOW  BANKS #KOTAKBANK LOOTING TAKING @42.66% INTEREST ON PERSONAL LOAN CARDS + INTEREST ON CHARGES + GST ON  CHARGES + INTE\xe2\x80\xa6'
2023-05-21 20:01:02,b'@KotakBank_01 This Profile and the number is fake. Do not interact with anyone posing as a bank employee and do not\xe2\x80\xa6 https://t.co/pOdwa3u55j'
2023-05-21 20:00:34,b'@KotakBank_01 This Profile and the number is fake. Do not interact with anyone posing as a bank employee and do not\xe2\x80\xa6 https://t.co/X2XDLSTfr9'
2023-05-21 20:00:29,b'@KotakBank_01 This Profile and the number is fake. Do not interact with anyone posing as a bank employee and do not\xe2\x80\xa6 https://t.co/mMgV0MkeDh'
2023-05-21 20:00:23,b'@KotakBank_01 This Profile and the number is fake. Do not interact with anyone posing as a bank employee and do not\xe2\x80\xa6 https://t.co/q6r2TAPnFD'
2023-05-21 19:59:17,b'@KotakBank_01 This Profile and the number is fake. Do not interact with anyone posing as a bank employee and do not\xe2\x80\xa6 https://t.co/s5DYTgpS5i'
2023-05-21 19:59:12,b'@KotakBank_01 This Profile and the number is fake. Do not interact with anyone posing as a bank employee and do not\xe2\x80\xa6 https://t.co/KV0SDzuq9l'
2023-05-21 19:59:08,b'@KotakBank_01 This Profile and the number is fake. Do not interact with anyone posing as a bank employee and do not\xe2\x80\xa6 https://t.co/irn1Ktccxq'
2023-05-21 19:59:05,b'@KotakBank_01 This Profile and the number is fake. Do not interact with anyone posing as a bank employee and do not\xe2\x80\xa6 https://t.co/fMd3paY6Qs'
2023-05-21 19:59:01,b'@KotakBank_01 This Profile and the number is fake. Do not interact with anyone posing as a bank employee and do not\xe2\x80\xa6 https://t.co/heO51eZWHX'
2023-05-21 19:58:57,b'@KotakBank_01 This Profile and the number is fake. Do not interact with anyone posing as a bank employee and do not\xe2\x80\xa6 https://t.co/DJsWe4F9Tv'
2023-05-21 19:58:51,b'@KotakBank_01 This Profile and the number is fake. Do not interact with anyone posing as a bank employee and do not\xe2\x80\xa6 https://t.co/ughidbj2PY'
2023-05-21 19:58:45,b'@KotakBank_01 This Profile and the number is fake. Do not interact with anyone posing as a bank employee and do not\xe2\x80\xa6 https://t.co/2ud4mYq7Js'
2023-05-21 19:58:43,b'@KotakBank_01 This Profile and the number is fake. Do not interact with anyone posing as a bank employee and do not\xe2\x80\xa6 https://t.co/LLvFsayBSM'
2023-05-21 19:58:35,b'@KotakBank_01 This Profile and the number is fake. Do not interact with anyone posing as a bank employee and do not\xe2\x80\xa6 https://t.co/2dHPYUwm5D'
2023-05-21 19:58:31,b'@KotakBank_01 This Profile and the number is fake. Do not interact with anyone posing as a bank employee and do not\xe2\x80\xa6 https://t.co/1oPTNfxGPK'
2023-05-21 19:58:26,b'@KotakBank_01 This Profile and the number is fake. Do not interact with anyone posing as a bank employee and do not\xe2\x80\xa6 https://t.co/7Fv58uW6yK'
2023-05-21 19:58:22,b'@KotakBank_01 This Profile and the number is fake. Do not interact with anyone posing as a bank employee and do not\xe2\x80\xa6 https://t.co/Njq8mGFjAb'
2023-05-21 19:58:18,b'@KotakBank_01 This Profile and the number is fake. Do not interact with anyone posing as a bank employee and do not\xe2\x80\xa6 https://t.co/1TQKzTOMrq'
2023-05-21 19:58:13,b'@KotakBank_01 This Profile and the number is fake. Do not interact with anyone posing as a bank employee and do not\xe2\x80\xa6 https://t.co/vI1pmdBhz9'
2023-05-21 19:58:09,b'@KotakBank_01 This Profile and the number is fake. Do not interact with anyone posing as a bank employee and do not\xe2\x80\xa6 https://t.co/eMnLMFjU9k'
2023-05-21 19:58:05,b'@KotakBank_01 This Profile and the number is fake. Do not interact with anyone posing as a bank employee and do not\xe2\x80\xa6 https://t.co/SERI3vDCrs'
2023-05-21 19:57:59,b'@KotakBank_01 This Profile and the number is fake. Do not interact with anyone posing as a bank employee and do not\xe2\x80\xa6 https://t.co/2VtPRMXNHN'
2023-05-21 19:57:53,b'@KotakBank_01 This Profile and the number is fake. Do not interact with anyone posing as a bank employee and do not\xe2\x80\xa6 https://t.co/SnyH3deUCx'
2023-05-21 19:57:49,b'@KotakBank_01 This Profile and the number is fake. Do not interact with anyone posing as a bank employee and do not\xe2\x80\xa6 https://t.co/Cc0BBXA2ZI'
2023-05-21 19:57:46,b'@KotakBank_01 This Profile and the number is fake. Do not interact with anyone posing as a bank employee and do not\xe2\x80\xa6 https://t.co/zjmsgZliTe'
2023-05-21 19:57:42,b'@KotakBank_01 This Profile and the number is fake. Do not interact with anyone posing as a bank employee and do not\xe2\x80\xa6 https://t.co/1xf69ocPYl'
2023-05-21 19:57:39,b'@KotakBank_01 This Profile and the number is fake. Do not interact with anyone posing as a bank employee and do not\xe2\x80\xa6 https://t.co/0DcDO1ypTj'
2023-05-21 19:57:30,b'@KotakBank_01 This Profile and the number is fake. Do not interact with anyone posing as a bank employee and do not\xe2\x80\xa6 https://t.co/kuw5dh4Cq7'
2023-05-21 19:57:11,b'@KotakBank_01 This Profile and the number is fake. Do not interact with anyone posing as a bank employee and do not\xe2\x80\xa6 https://t.co/dihkwOaZzB'
2023-05-21 19:57:06,b'@KotakBank_01 This Profile and the number is fake. Do not interact with anyone posing as a bank employee and do not\xe2\x80\xa6 https://t.co/CUR9sRNDxC'
2023-05-21 19:57:04,b'@KotakBank_01 This Profile and the number is fake. Do not interact with anyone posing as a bank employee and do not\xe2\x80\xa6 https://t.co/lGuyPJtqUS'
2023-05-21 18:46:03,b'@KotakBank_01 @Uppolice @KotakBankLtd is that a fake profile'
2023-05-21 18:42:21,b'@KotakBank_01 Not reachable aara hai'
2023-05-21 18:34:15,b'@KotakBank_01 This Profile and the number is fake. Do not interact with anyone posing as a bank employee and do not\xe2\x80\xa6 https://t.co/83zox6WTyv'
2023-05-21 18:33:53,b'@KotakBank_01 This Profile and the number is fake. Do not interact with anyone posing as a bank employee and do not\xe2\x80\xa6 https://t.co/2Z4e0fGlg4'
2023-05-21 18:33:48,b'@KotakBank_01 This Profile and the number is fake. Do not interact with anyone posing as a bank employee and do not\xe2\x80\xa6 https://t.co/eXhdpmyoWc'
2023-05-21 18:33:43,b'@KotakBank_01 This Profile and the number is fake. Do not interact with anyone posing as a bank employee and do not\xe2\x80\xa6 https://t.co/WhcuRGRbos'
2023-05-21 18:33:38,b'@KotakBank_01 This Profile and the number is fake. Do not interact with anyone posing as a bank employee and do not\xe2\x80\xa6 https://t.co/Cmie64nuKX'
2023-05-21 18:33:31,b'@KotakBank_01 This Profile and the number is fake. Do not interact with anyone posing as a bank employee and do not\xe2\x80\xa6 https://t.co/nSredH7a1U'
2023-05-21 18:33:25,b'@KotakBank_01 This Profile and the number is fake. Do not interact with anyone posing as a bank employee and do not\xe2\x80\xa6 https://t.co/8OtEzZc61X'
2023-05-21 18:33:19,b'@KotakBank_01 This Profile and the number is fake. Do not interact with anyone posing as a bank employee and do not\xe2\x80\xa6 https://t.co/aiCxCKaBKE'
2023-05-21 18:33:16,b'@KotakBank_01 This Profile and the number is fake. Do not interact with anyone posing as a bank employee and do not\xe2\x80\xa6 https://t.co/qBDZfBPJBb'
2023-05-21 18:17:50,b'@KotakBank_01 This Profile and the number is fake. Do not interact with anyone posing as a bank employee and do not\xe2\x80\xa6 https://t.co/LzSxPtY3hl'
